business_id,name,neighborhood,address,city,state,postal_code,latitude,longitude,stars,review_count,is_open,categories,,,,
Y0eMNa5C-YU1RQOZf9XvVA,"""CubeSmart Self Storage""",,"""2414 South Gilbert Road""",Chandler,AZ,85286,33.2717201,-111.7912569,5,23,1,Local Services;Self Storage,,,,
0FMKDOU8TJT1x87OKYGDTg,"""Senior's Barber Shop""",,"""13375 W McDowell""",Goodyear,AZ,85395,33.463629,-112.347038,5,65,1,Barbers;Beauty & Spas,,,,
ok38fApaT1TBEU-IH85BvA,"""Kool Pool Care & Repair""",,"""3245 W Florimond Rd""",Phoenix,AZ,85086,33.8039,-112.130405,5,5,1,Home Services;Contractors;Pool & Hot Tub Service;Pool Cleaners,,,,
5qpi5VQ_S2Itm8xvRm1k8Q,"""Olsen Firearms""",,"""28212 N Tatum Blvd, Ste D4""",Cave Creek,AZ,85331,33.7416293,-111.9809164,5,9,1,Shopping;Guns & Ammo,,,,
YhV93k9uiMdr3FlV4FHjwA,"""Caviness Studio""",,"""""",Phoenix,AZ,85001,33.4499672,-112.0702225,5,4,1,Marketing;Men's Clothing;Restaurants;Graphic Design;Women's Clothing;Screen Printing;Advertising;Pizza;Shopping;Web Design;Fashion;Local Services;Screen Printing/T-Shirt Printing;Professional Services,,,,
dA7KJReGl9PMi3Tg_mBHuw,"""Poty Group""",,"""""",Mesa,AZ,85207,33.459458,-111.642224,5,3,1,Real Estate Agents;Home Services;Real Estate,,,,
VZ37HCZVruFm-w_Mkl1aEQ,"""Conservatory of Dance""",,"""13637 N Tatum Blvd, Ste 8""",Phoenix,AZ,85032,33.6102929,-111.9765967,5,16,1,Education;Dance Schools;Arts & Entertainment;Fitness & Instruction;Specialty Schools;Active Life;Dance Studios;Performing Arts,,,,
x5s5yvoI3QFLBZE6JNNhyg,"""Hard Surface Detox Pros""",,"""""",Peoria,AZ,85345,33.5704697,-112.2503239,5,5,1,Home Services;Grout Services;Carpet Cleaning;Damage Restoration;Home Cleaning;Local Services,,,,
DCQ3qzzmsm1JZxvW8-bCgQ,"""Phone Savers""",,"""3552 E Corona Ave""",Phoenix,AZ,85040,33.4061011,-112.0043218,5,12,1,Mobile Phones;IT Services & Computer Repair;Shopping;Electronics Repair;Mobile Phone Repair;Local Services,,,,
TzlaonysPohYJyLIFTk6Jg,"""Az Vip Transportation""",,"""10166 E Clinton St""",Scottsdale,AZ,85260,33.584122,-111.861887,5,3,1,Transportation;Event Planning & Services;Airlines;Hotels & Travel;Airport Shuttles;Limos;Party Bus Rentals;Public Transportation,,,,
MfI-S7392ENwqWG89g4Opw,"""Southwest Drivetrain & 4WD""",,"""2316 N 32nd St""",Phoenix,AZ,85008,33.4737051,-112.0132277,5,4,0,Automotive;Auto Parts & Supplies,,,,
W58P-gdejuMMh2r7OHpIyQ,"""Essence of Harmony Sacred Massage""",,"""40TH St E Indian School Rd""",Phoenix,AZ,85018,33.49493369,-111.9952449,5,7,1,Education;Health & Medical;Beauty & Spas;Massage;Physical Therapy;Massage Therapy,,,,
YZLtgv4rgOQcDL23fcRigQ,"""Simia Henry.com""",,"""6730 E Mcdowell Rd""",Phoenix,AZ,85015,33.466401,-111.935237,5,3,1,Arts & Entertainment;Health & Medical;Supernatural Readings,,,,
UXPgUZ-3ywG_tNKG41kaag,"""Rising Phoenix Painting""",,"""""",Phoenix,AZ,85255,33.6803004,-111.8330106,5,20,1,Home Services;Painters,,,,
GRNe0AktRPbZKRSVzo4dUw,"""Inline Business Coach and Advisors""",,"""5450 E High St""",Phoenix,AZ,85086,33.6754711,-111.9633085,5,11,1,Professional Services,,,,
03BpJxAMJx8VYOYA5VPDsw,"""Elite Perk: CrushBrew Craft Beverage Festival""",,"""7150 E Camelback Rd""",Scottsdale,AZ,85251,33.5028094,-111.9267888,5,9,1,Arts & Entertainment;Festivals,,,,
FqRvFzRLFxSixPPsnqKTrg,"""Sub Zero Appliance Wizard""",,"""17100 E Shea Blvd, Bldg 2""",Fountain Hills,AZ,85268,33.57271314,-111.7119989,5,9,1,Appliances & Repair;Local Services;Home Services;Heating & Air Conditioning/HVAC,,,,
tb-aXpSJpWIlAA2nMVckcw,"""Sunny Energy""",,"""2720 S Hardy Dr, Ste 4""",Tempe,AZ,85282,33.3995894,-111.9526803,5,4,1,Solar Installation;Home Services,,,,
gj8mPhHVqJwFLH-PFRQDRw,"""Executive High Reach Maintenance""",,"""""",Chandler,AZ,85286,33.2664407,-111.8210866,5,9,1,Home Services;Window Washing;Local Services;Pest Control,,,,
lbygJpJGQThoZbKC_AI31A,"""Edible Arrangements""",,"""14870 N Northsight Blvd""",Scottsdale,AZ,85260,33.6213254,-111.8991822,5,4,1,Shopping;Flowers & Gifts;Gift Shops,,,,
wGJ5FYYIStYT-ECgqnjxog,"""Yearin Law Office""",,"""8961 E Bell Rd, Ste 201""",Scottsdale,AZ,85260,33.639381,-111.887385,5,8,1,Personal Injury Law;Professional Services;Lawyers,,,,
4i1sXgzr6qILhHav1Tp9dw,"""Altra Collision Center""",,"""16628 N 32nd St""",Phoenix,AZ,85032,33.6383077,-112.0141798,5,17,1,Automotive;Auto Parts & Supplies;Body Shops;Auto Repair,,,,
HKCGlqLNzHJLtFKD7qUVww,"""Crystal Clear View Glass""",,"""3616 W Thomas Rd, Ste 2""",Phoenix,AZ,85019,33.4811792,-112.1366029,5,28,1,Windows Installation;Home Services;Glass & Mirrors;Auto Glass Services;Windshield Installation & Repair;Automotive,,,,
K6KIqUPVDXzU8QrG0--oJw,"""Natural Impressions Barbershop""",,"""1418 E Washington St""",Phoenix,AZ,85034,33.4485137,-112.0511925,5,6,1,Beauty & Spas;Barbers,,,,
VJTBDu7fc20u277sZckJzg,"""Hurst Carpet and Tile Care""",,"""""",Phoenix,AZ,85034,33.4382789,-112.0178286,5,5,1,Local Services;Carpet Cleaning,,,,
RxQvlTyTKsEGZCT1dY-9_Q,"""Overhall Mobile Detail""",,"""""",Scottsdale,AZ,85255,33.6803004,-111.8330106,5,3,1,Auto Detailing;Automotive;Auto Customization;Car Wash,,,,
yW4_ej7DzJX-T3PCm1yfJw,"""Install Turf Az""",,"""""",Phoenix,AZ,85023,33.6261012,-112.1004771,5,3,1,Artificial Turf;Home Services,,,,
waJ8_8FGJC-j5uIP2im1-A,"""Twenty20 Window Cleaning""",,"""""",Scottsdale,AZ,85267,33.6165118,-111.904605,5,67,1,Shades & Blinds;Window Washing;Pressure Washers;Home Services,,,,
UX0Gp7fwXIaLjGS3aupV9Q,"""Alice's Cuisine""",,"""2020 W Union Hills Dr""",Phoenix,AZ,85027,33.65636,-112.102264,5,9,1,Food Delivery Services;Caterers;Event Planning & Services;Food,,,,
dpQ1zg0cGBmlX7YFhdnT_g,"""Yoga Because""",,"""3131 E Thunderbird Rd""",Phoenix,AZ,85032,33.61081668,-112.0148128,5,3,0,Active Life;Yoga;Fitness & Instruction,,,,
tgaJnrdQOeXDWpuL0yw_Rg,"""Gary Bonnin OD""",,"""4570 E Cactus Rd""",Phoenix,AZ,85032,33.6046388,-111.9849523,5,4,1,Health & Medical;Optometrists,,,,
pz58I0Oxugx4s3FKwyDQaQ,"""Sonoran Pest Control""",,"""""",Scottsdale,AZ,85255,33.68201455,-111.830264,5,17,1,Pest Control;Local Services,,,,
bm6BYbNvzBzs1xecmAQF0w,"""TravelBug Health""",,"""8757 E Bell Rd""",Scottsdale,AZ,85260,33.639811,-111.893689,5,5,1,Hospitals;Health & Medical;Professional Services;Hotels & Travel;Medical Centers;Walk-in Clinics;Travel Services,,,,
XdUj6TgOnY7ZvtANgPvxSQ,"""Savage Air Conditioning""",,"""2460 E Desert Trumpet Rd""",Phoenix,AZ,85048,33.313337,-112.027619,5,12,1,Contractors;Home Services;Heating & Air Conditioning/HVAC,,,,
u69YhHlcI1a55cf-iBKYPw,"""American Maid Commercial & Residential""",,"""""",Scottsdale,AZ,85257,33.468839,-111.922322,5,5,1,Office Cleaning;Home Cleaning;Home Organization;Professional Services;Home Services,,,,
PeNVAW8sjDiejCE4XQB-0Q,"""Nexus Electric Service""",,"""""",Scottdale,AZ,85254,33.6071829,-111.9403254,5,3,1,Lighting Fixtures & Equipment;Shopping;Electricians;Home Services;Electronics,,,,
M9od_7kH55p220e1k1SczQ,"""Brows By Design""",,"""2815 S Alma School""",Mesa,AZ,85202,33.3638634,-111.8581176,5,4,0,Beauty & Spas;Makeup Artists;Hair Removal;Day Spas;Hair Salons,,,,
Ay87s1dC19R_l3Uve6LESA,"""In Home Computer Repair""",,"""2723 S Drexel""",Mesa,AZ,85209,33.3660583,-111.6227451,5,8,1,Local Services;IT Services & Computer Repair,,,,
67HBCMwv20mciv-NbmZG0g,"""The Drummond Group - Capstone Realty Professionals""",,"""1425 E McDowell Rd""",Phoenix,AZ,85006,33.46564763,-112.0507009,5,39,1,Property Management;Home Services;Real Estate;Real Estate Agents;Real Estate Services,,,,
_qE3wMqn9xMTGfFY48QsIQ,"""K9 Lifestyle""",,"""""",Mesa,AZ,85203,33.445974,-111.8032005,5,3,1,Pet Sitting;Life Coach;Pet Services;Pets;Professional Services;Pet Training;Dog Walkers,,,,
RpJ5XykQ2PTqq0SWWtDJaQ,"""Johnny's Air Conditioning and Heating""",,"""""",Scottsdale,AZ,85251,33.4986286,-111.9224398,5,65,1,Heating & Air Conditioning/HVAC;Home Services,,,,
fHCf4N3K7Ul8TLj6z5CKFQ,"""Powered By Ink""",,"""5325 W Joan De Arc Ave""",Glendale,AZ,85304,33.60658,-112.174521,5,3,1,Screen Printing/T-Shirt Printing;Professional Services;Signmaking;Printing Services;Customized Merchandise;Screen Printing;Local Services;Engraving;Shopping,,,,
KK1_TZintApflZbpX8QLaQ,"""Liquid Scissors""",,"""7105 E 1st Ave""",Scottsdale,AZ,85251,33.493747,-111.928101,5,27,1,Beauty & Spas;Blow Dry/Out Services;Hair Salons;Hair Stylists;Hair Extensions,,,,
B_0EDMktBDvRiBxwGtz6rw,"""Michael Grabow, DDS""",,"""3800 W Ray Rd""",Chandler,AZ,85226,33.3205814,-111.9075539,5,10,1,Dentists;Health & Medical;Endodontists,,,,
rVLzlVXgs3x7WhRj0IACYw,"""Carter's Crystal Clear Pool Service & Repair""",,"""""",Scottsdale,AZ,85255,33.6803004,-111.8330106,5,11,1,Home Services;Active Life;Swimming Pools;Pool Cleaners;Pool & Hot Tub Service,,,,
oirW5H3GoaZ9076SHbr14Q,"""AZ Mama Bear Pet Care""",,"""""",Phoenix,AZ,85027,33.6782379,-112.1012912,5,5,1,Dog Walkers;Pet Services;Pets;Pet Sitting;Pet Transportation,,,,
Y22_Cs9s4ZsNQ1-eVBoMAw,"""Golden Rule Kitchens Furniture Repair & Custom Design""",,"""1402 E Pierson St""",Phoenix,AZ,85014,33.507737,-112.051693,5,6,1,Furniture Reupholstery;Contractors;Local Services;Home Services;Furniture Repair;Refinishing Services;Cabinetry,,,,
lS0dw65Wk2fWSdFi4XDC8g,"""Cosanti Originals""",,"""6433 E Doubletree Ranch Rd""",Paradise Valley,AZ,85253,33.566646,-111.941966,5,19,1,Arts & Entertainment;Shopping;Art Galleries,,,,
oNLIQIcITdepv7MvL8H_Ew,"""Judy Huey DDS, PC""",,"""10290 N 92nd St, Ste 204""",Scottsdale,AZ,85258,33.5708105,-111.875578,5,22,1,Cosmetic Dentists;Orthodontists;Health & Medical;Dentists;General Dentistry,,,,
CrhczedetSPk3MN81fmN9Q,"""Photography by Jake""",,"""""",Scottsdale,AZ,85257,33.468848,-111.910516,5,4,1,Event Planning & Services;Session Photography;Event Photography;Photographers,,,,
pSbSDU5Rj6d9zfLEPpVwEQ,"""Arcadia Pilates""",,"""3627 E Indian School Rd, Ste 204""",Phoenix,AZ,85018,33.494985,-112.003115,5,7,1,Active Life;Yoga;Pilates;Trainers;Fitness & Instruction,,,,
wvyPYYGC1oJiRGFDq8pXvQ,"""Semper Fi CPR""",,"""3029 N Almas School Rd""",Chandler,AZ,85225,33.3511562,-111.8574298,5,4,1,Specialty Schools;First Aid Classes;CPR Classes;Education,,,,
yU3OrrCmDDEqidyIrrcDbw,"""Hoyt's Kajukenbo""",,"""9843 W Bell Rd""",Peoria,AZ,85351,33.637084,-112.2716402,5,3,1,Fitness & Instruction;Active Life;Martial Arts,,,,
fVXGyrsKIS6CNH_VJPanOA,"""John's Super Service""",,"""2947 E McDowell Rd""",Phoenix,AZ,85008,33.465459,-112.017434,5,4,1,Auto Repair;Automotive,,,,
hZoIxNxron8LjWve8NIHoQ,"""Protect My Water""",,"""10001 W Bell Rd, Ste 102""",Sun City,AZ,85351,33.6372393,-112.2754603,5,5,1,Home Services;Water Purification Services;Plumbing,,,,
3jtgg_GXH2-GQss_y1RCEA,"""Garage Doors America""",,"""""",Glendale,AZ,85301,33.5349253,-112.1847509,5,9,1,Door Sales/Installation;Windows Installation;Garage Door Services;Fences & Gates;Home Services,,,,
6T7KL9PQGm9u1xsc6WSdGQ,"""Curves""",,"""17145 N 51st Ave, Ste 102""",Glendale,AZ,85308,33.63984989,-112.1680863,5,4,1,Trainers;Fitness & Instruction;Health & Medical;Gyms;Active Life;Weight Loss Centers,,,,
eGEJomznMqJYqGun2ZXRpg,"""Salon Tour De Force""",,"""7134 E 5th Ave""",Scottsdale,AZ,85251,33.498344,-111.9273368,5,4,1,Hair Salons;Beauty & Spas,,,,
k24Qbr7q0USxga90JYel3g,"""The Artist's Box""",,"""2010 E University Dr, Ste 4""",Tempe,AZ,85281,33.4226796,-111.8999332,5,4,1,Education;Specialty Schools;Talent Agencies;Professional Services;Performing Arts;Arts & Entertainment,,,,
glc0_AbiJmdzAxC-rBIHJQ,"""Joyful Delights""",,"""""",Scottsdale,AZ,85257,33.468848,-111.910516,5,3,1,Food Trucks;Shaved Ice;Ice Cream & Frozen Yogurt;Food,,,,
2KFyJFf9EzreAFCVSNPV5g,"""Alpha Dental""",,"""8345 W Thunderbird Rd, Ste B100""",Peoria,AZ,85381,33.60843415,-112.2387694,5,4,1,Endodontists;General Dentistry;Cosmetic Dentists;Dentists;Orthodontists;Health & Medical,,,,
UohLJDEsTZK8KMjUxUIJog,"""Javelina Cycles""",,"""4802 E Ray Rd, Ste 5""",Phoenix,AZ,85044,33.3204192,-111.97966,5,9,0,Sporting Goods;Bikes;Bike Rentals;Shopping;Active Life,,,,
8gq-Koot0U2g4K-aqMbPVw,"""Puddleduds""",,"""10816 N Scottsdale Rd""",Scottsdale,AZ,85254,33.5848729,-111.9264905,5,10,0,Maternity Wear;Shopping;Used;Vintage & Consignment;Children's Clothing;Fashion,,,,
EwTZaKcQutYFsvbY2bPR6g,"""PYNCH Medical""",,"""11000 N Scottsdale Rd, Ste 180""",Scottsdale,AZ,85254,33.586935,-111.9267368,5,3,1,Medical Spas;Health & Medical;Laser Hair Removal;Beauty & Spas;Hair Removal;Skin Care,,,,
Mb7mnPOPvcB4AMXUpwsMDQ,"""BOHO Farm + Home""",,"""816 N 2nd Ave""",Phoenix,AZ,85003,33.4574188,-112.0767572,5,3,1,Nurseries & Gardening;Home & Garden;Farms;Arts & Entertainment;Shopping;Local Flavor,,,,
V0kTGj2MtNw_b_1J535fZw,"""Perennials""",,"""5618 E Thomas Rd, Ste 120""",Phoenix,AZ,85018,33.4803042,-111.9602653,5,19,1,Children's Clothing;Baby Gear & Furniture;Fashion;Shopping,,,,
LPrDjEAKZzwrdyYeLqsLJw,"""Drywall Perfection""",,"""17177 W Gambit Trl""",Surprise,AZ,85387,33.73413467,-112.4316406,5,72,1,Contractors;Home Services;Drywall Installation & Repair,,,,
eFL22-djzEaRGmafxDbUwA,"""Carrie Curran Art Studios""",,"""8300 N Hayden Rd, Ste A100""",Scottsdale,AZ,85258,33.55729116,-111.9007916,5,25,1,Specialty Schools;Paint & Sip;Social Clubs;Shopping;Summer Camps;Education;Arts & Entertainment;Active Life;Art Schools;Arts & Crafts;Art Classes,,,,
rnzDEVKmPJzYQN_vTmH0Jg,"""Absolute Pet Care""",,"""6350 N 78th St""",Scottsdale,AZ,85250,33.49509671,-111.9087982,5,9,1,Dog Walkers;Pets;Pet Services;Pet Sitting,,,,
Yar8jR2a1XA2JuRKfmNDcw,"""Palms Restaurant""",,"""3502 West Greenway Rd""",Phoenix,AZ,85053,33.6259523,-112.1343378,5,3,1,Restaurants;Greek;Mediterranean;Food;Bakeries,,,,
sIgo9Mo9-uajsevtdtg_6Q,"""AZ MedSpa""",,"""209 E Baseline Rd, Ste E102-8""",Tempe,AZ,85283,33.3778001,-111.9358757,5,3,0,Medical Spas;Skin Care;Beauty & Spas;Health & Medical,,,,
r27rqXEjlRsHVIScTmmGzw,"""Lessons with Derek""",,"""1638 E Cedar St""",Tempe,AZ,85281,33.411896,-111.910859,5,3,1,Musical Instruments & Teachers;Shopping;Private Tutors;Education,,,,
X4J4aiaCaJKDeg19AI8vyA,"""Vita Hydration dba Hangover Hydration Spa""",,"""7309 E Stetson Dr, Ste 202""",Scottsdale,AZ,85251,33.4993787,-111.9236737,5,3,0,Beauty & Spas;Medical Spas;Health & Medical,,,,
dzBSCXFCrnfyaN2PkR0nHA,"""William Blocher, DDS""",,"""1455 E Guadalupe, Ste 1""",Tempe,AZ,85283,33.3636475,-111.9150722,5,4,1,General Dentistry;Cosmetic Dentists;Health & Medical;Periodontists;Dentists,,,,
SSCH4Z2gw-hh2KZy7aH4qw,"""Worth Takeaway""",,"""218 W Main St""",Mesa,AZ,85201,33.4154308,-111.8374321,5,336,1,Breakfast & Brunch;Sandwiches;American (New);American (Traditional);Restaurants,,,,
XNxAhLvEr5TVD0r6BjYU4A,"""Vaya Salon""",,"""10 N San Marcos Pl, Ste C""",Chandler,AZ,85225,33.30369557,-111.842766,5,16,1,Hair Salons;Reiki;Beauty & Spas;Massage Therapy;Health & Medical,,,,
XZuuSdUWVnZWPvU-fxI6fQ,"""AZ Piano""",,"""4134 E Wood St, Ste 200""",Phoenix,AZ,85040,33.4101395,-111.9900941,5,4,1,Musical Instruments & Teachers;Piano Stores;Musical Instrument Services;Shopping;Local Services,,,,
sPUA88xPE8rQAVbPNzp5gg,"""Alta Vista Auto""",,"""323 E Dunlap Ave""",Phoenix,AZ,85020,33.5673532,-112.0684098,5,3,1,Automotive;Car Dealers,,,,
pCrhiOxgTjHLzyIj7R1eAw,"""Harold Studio""",,"""115 W Mcdowell Rd, Ste 1""",Phoenix,AZ,85003,33.4655321,-112.0763391,5,16,1,Art Schools;Education;Event Planning & Services;Specialty Schools;Art Classes;Venues & Event Spaces,,,,
ewhnH-GORPNhJtu12QeHgQ,"""Beth's Hair at Manestream Salon""",,"""930 E Warner Rd, Ste 15, Inside Vesuvio Studios""",Chandler,AZ,85225,33.3091946,-111.8210866,5,3,1,Hair Salons;Beauty & Spas,,,,
yxuuaMpEoKF45gh9p9akeA,"""Alpha Creations Awards""",,"""4323 E Broadway Rd 101A""",Mesa,AZ,85206,33.4078163,-111.7386321,5,4,1,Sporting Goods;Trophy Shops;Shopping,,,,
MvV8meCtex8FgyAjPd5_FQ,"""Suzys Doggie Delights""",,"""11663 W Bell Rd, Ste 7""",Surprise,AZ,85378,33.6376366,-112.3110236,5,5,1,Pets;Pet Stores,,,,
tireuI1twjZ7dmGgDvIRlA,"""Record High""",,"""4242 E University Dr""",Phoenix,AZ,85034,33.42206938,-111.989013,5,17,1,Antiques;Books;Mags;Music & Video;Shopping;Music & DVDs;Vinyl Records,,,,
asH1_dhUbNTPEHvPpW5A4Q,"""Desert Dental""",,"""10211 N 32nd St""",Phoenix,AZ,85028,33.5794063,-112.0125304,5,6,1,Endodontists;Health & Medical;Dentists;Periodontists;General Dentistry,,,,
mBBXeWJBHptS51Jc0ao8yQ,"""SmartStyle""",,"""2501 S Market St""",Gilbert,AZ,85295,33.304304,-111.741235,5,8,1,Beauty & Spas;Hair Stylists;Hair Salons,,,,
qlar8iLrHJxFrqgDap8c5A,"""Caliber Home Loans - Beth Reiswig""",,"""15169 N Scottsdale Rd""",Scottsdale,AZ,85260,33.623712,-111.9251237,5,6,1,Real Estate;Home Services;Mortgage Brokers;Financial Services,,,,
x7UPFypUXy9cvW4N69LKKQ,"""Arizona Dog Adoptions""",,"""2201 S 19th Ave""",Phoenix,AZ,85009,33.42744733,-112.0994459,5,4,1,Pet Adoption;Pets,,,,
UK6lqzQCyIRkjotcvS8_dQ,"""Affordable Arizona Insurance""",,"""9950 W Van Buren, Ste 124""",Avondale,AZ,85323,33.45155842,-112.2749369,5,6,1,Home & Rental Insurance;Auto Insurance;Insurance;Life Insurance;Financial Services,,,,
r8I7gbYkk-GjuoJ0CTVRgw,"""Canyon Animal Hospital""",,"""15411 N 31st St""",Phoenix,AZ,85032,33.6268748,-112.0151964,5,22,1,Pet Groomers;Pets;Veterinarians;Pet Services,,,,
tr0ahB4stoLDjlt8wzLyKA,"""Lovato's Hair Styling Salon""",,"""5516 N 7th Ave""",Phoenix,AZ,85013,33.51056525,-112.0821475,5,7,1,Beauty & Spas;Hair Salons;Barbers,,,,
#NAME?,"""Burn It Build It Fitness""",,"""13048 W Rancho Santa Fe Blvd, Ste 101""",Avondale,AZ,85392,33.4615208,-112.3374063,5,3,1,Cardio Classes;Active Life;Fitness & Instruction;Interval Training Gyms;Gyms;Trainers,,,,
gZ4lKpOxqBEbEQmgpE5JdA,"""Shades of Beauty""",,"""1401 E Williams Field Rd""",Gilbert,AZ,85295,33.3052835,-111.7599237,5,3,1,Hair Salons;Beauty & Spas,,,,
rZgFbB0hkTHZ61yc40Or5w,"""AZ Ride Motorcycle Rentals""",,"""9419 E San Salvador Dr, Ste 106 B""",Scottsdale,AZ,85258,33.570061,-111.877749,5,11,1,Motorcycle Rental;Tours;Hotels & Travel,,,,
IDn8Lyj5m4ugHDL1lUoaGQ,"""Momentum Salon and Body""",,"""1006 E Warner Rd, Ste 110""",Tempe,AZ,85284,33.3353841,-111.9270761,5,13,1,Hair Removal;Nail Salons;Beauty & Spas;Massage;Hair Salons;Waxing,,,,
cALdQRh1-8P7f_VIf_b07g,"""Realty Exchange""",,"""6962 East 1st Ave, Ste 102""",Scottsdale,AZ,85251,33.4942176,-111.9306792,5,3,1,Na,,,,
E53aHXNhaz-6lFOZwr_u_g,"""Dutch Bros Coffee""",,"""1326 S Alma School Rd""",Mesa,AZ,85210,33.3905904,-111.8577202,4.5,52,1,Coffee & Tea;Food,,,,
sr7jtrZHnF_MedBF8dDigQ,"""Max Piano Moving""",,"""""",Phoenix,AZ,85203,33.438948,-111.800736,4.5,24,1,Movers;Local Services;Home Services;Musical Instrument Services;Piano Services,,,,
VkrcJHp3je00wwGgEMwuBA,"""Walt's Jewelers""",,"""143 E Germann Rd, Ste 111""",Gilbert,AZ,85297,33.2767536,-111.7869143,4.5,29,1,Shopping;Jewelry,,,,
D3lHLNRgU0fzSfIMYL-9gQ,"""Design Ramon""",,"""4405 E Ray Rd""",Phoenix,AZ,85044,33.320017,-111.98856,4.5,22,1,Hair Salons;Beauty & Spas,,,,
fWZ7Mqr7kWtG2xYa-88Mpg,"""Brake Masters""",,"""5180 W Peoria Ave""",Glendale,AZ,85302,33.5824052,-112.1707749,4.5,33,1,Automotive;Oil Change Stations;Auto Repair,,,,
YjGWC3SjKLR2aaRBBz5o3A,"""AMI Diamonds & Jewelry""",,"""4615 E Cactus Rd""",Phoenix,AZ,85032,33.59830392,-111.9839693,4.5,17,1,Jewelry;Gold Buyers;Watches;Shopping,,,,
pYCL6rjrQ6_PRLaE5NmKNQ,"""Old Town Local""",,"""3902 N Brown Ave, Ste 101""",Scottsdale,AZ,85251,33.4924398,-111.9248112,4.5,25,1,Gelato;Juice Bars & Smoothies;Bagels;Ice Cream & Frozen Yogurt;Food;Coffee & Tea,,,,
jwYI1DVYfSs9tiXZYu_OzA,"""The Skin Loft""",,"""4333 N Civic Center Plaza, Ste 600""",Scottsdale,AZ,85251,33.4993147,-111.9212219,4.5,41,1,Hair Removal;Day Spas;Waxing;Skin Care;Beauty & Spas;Eyelash Service,,,,
rYI_Dvw8ixOE-Hud-PWzbQ,"""Spartan Pita & Gyro""",,"""4502 E Thomas Rd""",Phoenix,AZ,85018,33.4804959,-111.9844634,4.5,111,1,Hot Dogs;Mediterranean;Restaurants;Greek,,,,
OyhA7XXkLirCnFPZ95ou2w,"""QuikTrip""",,"""3445 W Baseline Rd""",Laveen,AZ,85339,33.3776164,-112.1331873,4.5,6,1,Automotive;Gas Stations;Convenience Stores;Food,,,,
WumssCwCl6BruAh7D5VdxQ,"""The Diamond Consignment Store""",,"""4246 N Scottsdale Rd""",Scottsdale,AZ,85251,33.4979973,-111.9266215,4.5,10,1,Gold Buyers;Local Services;Shopping;Appraisal Services;Jewelry,,,,
4xqj4joZyqq-_-44dXVcdw,"""Flowers by Joe Gregory""",,"""5620 N 7th St, Ste 2""",Phoenix,AZ,85014,33.5189556,-112.0652992,4.5,10,1,Flowers & Gifts;Home & Garden;Funeral Services & Cemeteries;Local Services;Home Decor;Shopping;Florists,,,,
gpr7upOOWCHqbu_8IECDdg,"""The Little Gym""",,"""538 S Gilbert Rd, Ste 109""",Gilbert,AZ,85296,33.340527,-111.790964,4.5,7,1,Active Life;Event Planning & Services;Fitness & Instruction;Education;Dance Schools;Party & Event Planning;Dance Studios;Specialty Schools;Gymnastics;Venues & Event Spaces,,,,
8l5_WS7fpP-14qUNCy3kwQ,"""La Mai Thai Cuisine""",,"""12015 N Saguaro Blvd, Ste 102""",Fountain Hills,AZ,85268,33.5957037,-111.7152861,4.5,45,1,Thai;Restaurants,,,,
mImLuJB6Lqq03VNuNABYug,"""Framin' Works""",,"""4961 W Bell Rd""",Glendale,AZ,85308,33.63775324,-112.1688268,4.5,8,1,Framing;Local Services;Furniture Stores;Home Decor;Arts & Entertainment;Art Galleries;Arts & Crafts;Shopping;Home & Garden,,,,
j9WqBKDxVkmEIati3kD0jw,"""Urban Gardens Apartments""",,"""740-756 E Portland St""",Phoenix,AZ,85006,33.460319,-112.062742,4.5,3,1,Real Estate;Apartments;Home Services,,,,
036SeqOKaKx89Liw5RDKqA,"""Francisco's Mexican Food""",,"""3233 E Chandler Blvd, Ste 6-A""",Phoenix,AZ,85048,33.3048556,-112.0124974,4.5,16,1,Na,,,,
tNlfh4x5HUUHj65KbNmDFg,"""Harrison Law""",,"""1760 E Pecos Rd""",Gilbert,AZ,85295,33.2964425,-111.7524437,4.5,8,1,Professional Services;Lawyers;General Litigation;Business Law;Personal Injury Law,,,,
xSE8JTq_lFpqbDQxQPzkpQ,"""Starworld Martial Arts""",,"""13235 W Thomas Rd""",Goodyear,AZ,85395,33.478521,-112.343677,4.5,10,1,Community Service/Non-Profit;Local Services;Active Life;Colleges & Universities;Education;Sports Clubs;Martial Arts;Fitness & Instruction,,,,
oZIfjcV6or0MCTvRA0Fdog,"""Amazing Arizona Comic Convention""",,"""301-385 E Washington St""",Phoenix,AZ,85004,33.44789484,-112.0696303,4.5,8,1,Festivals;Arts & Entertainment,,,,
KWvurfS_AZoW0gTG0GQkfg,"""Daydreams Drop-In Child Care""",,"""18261 N Pima Rd, Ste E110""",Scottsdale,AZ,85255,33.652673,-111.890559,4.5,25,0,Local Services;Child Care & Day Care,,,,
G-SeNMoiP1pgV_lFDhl6EQ,"""Design Me Salon""",,"""10006 W Happy Valley Rd, Ste 1230""",Peoria,AZ,85383,33.71296737,-112.2746317,4.5,45,1,Beauty & Spas;Hair Salons;Tanning;Hair Stylists;Day Spas,,,,
RpGtEg5zv8MtbIVPxMRj-Q,"""Poseidon Water and More""",,"""23425 N 39th Dr, Ste 105""",Glendale,AZ,85310,33.6989868,-112.1420014,4.5,13,1,Ice Cream & Frozen Yogurt;Food;Water Purification Services;Plumbing;Home Services,,,,
r0XYcXQ_uaF6fTY1m_73gQ,"""The Velo""",,"""828 N 2nd St""",Phoenix,AZ,85004,33.45738581,-112.0715566,4.5,37,1,Beer;Wine & Spirits;Sporting Goods;Local Services;Shopping;Bikes;Food;Coffee & Tea;Bike Repair/Maintenance,,,,
H8jJ6S6qYSXI-RM6V2GjZw,"""Gettingraphic Design""",,"""28150 N Alma School Pkwy""",Scottsdale,AZ,85262,33.7411239,-111.8438395,4.5,9,1,Professional Services;Web Design;Advertising;Graphic Design,,,,
NwzHJzuhtxiKX9_vsRrOkA,"""Poke Maki""",,"""""",Phoenix,AZ,85388,33.6129195,-112.4470275,4.5,4,1,Poke;Food;Food Trucks;Restaurants;Sushi Bars;Hawaiian,,,,
qkox9D5qzuvRD6vm4kQQpg,"""Brazilian body sculpting""",,"""""",Phoenix,AZ,,33.4483771,-112.0740373,4.5,3,1,Tanning;Health & Medical;Beauty & Spas;Medical Spas,,,,
16nZr_jT0IBZdPhrFD1r-A,"""Vintage Iron and Restoration""",,"""15931 N 80th St""",Scottsdale,AZ,85260,33.630721,-111.907565,4.5,6,1,Wheel & Rim Repair;Body Shops;Auto Customization;Auto Repair;Automotive,,,,
2k2q3P5xxe-zQciDK2SuFg,"""Seattle Espresso""",,"""891 N Val Vista Dr, Ste D101""",Gilbert,AZ,85234,33.3667157,-111.7560939,4.5,4,0,Coffee & Tea;Food,,,,
tFQE-LwvFWp2gFkrWu_TUQ,"""AZ Dog Sports""",,"""12639 N 48th St""",Phoenix,AZ,85032,33.60039049,-111.9769243,4.5,17,1,Educational Services;Education;Specialty Schools;Pets;Pet Services;Pet Training,,,,
IiTLzksQAv9U8CW3s0bmlg,"""Rudy's Mexican Grill""",,"""8257 E Guadalupe Rd, Ste 114""",Mesa,AZ,85212,33.364269,-111.655477,4.5,45,1,Mexican;Restaurants,,,,
MYYqJ2vBs6dL-l2l_uGG6Q,"""Az Automasters""",,"""4122 W Venus Way""",Chandler,AZ,85226,33.303281,-111.913853,4.5,60,1,Auto Parts & Supplies;Auto Repair;Automotive;Smog Check Stations,,,,
OIroaPsi7fr48YIfhRp_Sw,"""Hair By Tia""",,"""4302 E Ray Rd, Ste 103, Sania Salon""",Phoenix,AZ,85044,33.32086555,-111.9919625,4.5,18,1,Blow Dry/Out Services;Hair Extensions;Hair Stylists;Beauty & Spas;Nail Salons;Eyelash Service;Hair Loss Centers;Nail Technicians;Hair Salons,,,,
JSS9K-8TdmMqSYhC2q-wHg,"""Central Car Care""",,"""301 E Dunlap Ave""",Phoenix,AZ,85020,33.5674785,-112.0691387,4.5,34,1,Automotive;Auto Repair;Oil Change Stations;Auto Glass Services;Towing;Tires,,,,
ZYMCKCjMc4mtiT_okzcirw,"""LaserAway""",,"""3305 W Chandler Blvd, Ste E04""",Chandler,AZ,85226,33.3047658,-111.8983877,4.5,35,1,Health & Medical;Beauty & Spas;Body Contouring;Doctors;Hair Removal;Tattoo Removal;Medical Spas;Laser Hair Removal,,,,
6LCe-oSimikF7g-m104xkg,"""AZ Exotic Bird Rescue""",,"""2724 N Scottsdale Rd""",Scottsdale,AZ,85257,33.4785849,-111.92647,4.5,20,1,Pets;Pet Sitting;Pet Stores;Pet Adoption;Pet Groomers;Pet Services;Animal Shelters;Bird Shops,,,,
Zq1yNHUirFTZdVWf4YCQhw,"""Even Stevens Sandwiches""",,"""7217 E 4th Ave""",Scottsdale,AZ,85251,33.49776077,-111.9254761,4.5,72,1,Breakfast & Brunch;Salad;Vegan;Restaurants;Vegetarian;Sandwiches,,,,
EToQXuEjKiRmorKy0_Bh0Q,"""The Jukebox Dance Studio""",,"""1817 South Horne, Unit 1""",Mesa,AZ,85204,33.38240265,-111.812671,4.5,7,1,Active Life;Dance Studios;Fitness & Instruction,,,,
QqoU_pgKCK6QV0Vk336w0g,"""Sonoran Earthworks""",,"""""",Phoenix,AZ,85018,33.4962205,-111.9641728,4.5,7,1,Home Services;Landscape Architects,,,,
vfT1dMqpPRFFYl3SxOqNKA,"""Nate Whitten""",,"""""",Phoenix,AZ,,33.4483771,-112.0740373,4.5,3,0,Professional Services;Life Coach;Reflexology;Health & Medical;Hypnosis/Hypnotherapy;Career Counseling,,,,
oSPKjXIMTGd9DQUsKaB_0Q,"""Kyrene Del Cielo Elementary School""",,"""1350 N Lakeshore Dr""",Chandler,AZ,85226,33.3267481,-111.9176197,4.5,3,1,Education;Elementary Schools;Preschools;Middle Schools & High Schools,,,,
tnvZOd2vNCLPQS1KEZxqog,"""Dim Sum Cafe""",,"""2711 S Alma School Rd, (To the right of McDonald's)""",Mesa,AZ,85210,33.3658757,-111.8581042,4.5,77,1,Restaurants;Dim Sum;Chinese,,,,
_Mch5nSAM4ke2r5DwO3vmg,"""Hub Clothing""",,"""5213 N Central Ave""",Phoenix,AZ,85012,33.513586,-112.073374,4.5,12,1,Women's Clothing;Men's Clothing;Shopping;Fashion;Accessories,,,,
dcn63lRC9QWO9cXZyiFBqQ,"""Outrageous Olive Oils & Vinegars""",,"""Paradise Valley Mall, 4550 E Cactus Rd""",Phoenix,AZ,85032,33.601931,-111.983719,4.5,11,0,Food;Specialty Food,,,,
7qG2Yt4WOr9rI1v1LyFY-Q,"""Z-LANTRO Fresh Mexican Grill""",,"""1423 S Country Club Dr""",Mesa,AZ,85210,33.3880857,-111.8398542,4.5,19,0,Restaurants;Mexican,,,,
vd_V-QeOzsiIj8-zML1I1g,"""Nish S Shah, DMD MD""",,"""2450 W Ray Rd, Ste 1""",Chandler,AZ,85224,33.3213498,-111.884174,4.5,5,1,Oral Surgeons;Dentists;Health & Medical;Doctors,,,,
uoUtMnUVutu65JbIaVEi4Q,"""Petal Fresh Nails Spa""",,"""4419 E Main St, Ste 115""",Mesa,AZ,85205,33.4142216,-111.7359993,4.5,12,1,Waxing;Nail Salons;Massage;Hair Removal;Day Spas;Beauty & Spas;Eyelash Service,,,,
jU_fuUi3HZo1hZN6BH0iGQ,"""Taylor H Plumbing""",,"""""",Phoenix,AZ,85050,33.68721958,-112.0218387,4.5,10,1,Plumbing;Professional Services;Home Services,,,,
gEZY-Ie-0G47UWnQXk0vEA,"""Pin Curlz Parlor""",,"""17019 W Greenway Rd, Ste 115""",Surprise,AZ,85388,33.6238075,-112.4250219,4.5,46,1,Hair Stylists;Hair Salons;Hair Extensions;Beauty & Spas;Waxing;Men's Hair Salons;Hair Removal,,,,
qLWzcf5m-ynm-JNpM4E7KQ,"""Helados Zacatecas""",,"""1145 S Mesa Dr""",Mesa,AZ,85210,33.39408,-111.82255,4.5,3,1,Desserts;Food;Candy Stores;Juice Bars & Smoothies;Specialty Food;Ice Cream & Frozen Yogurt,,,,
DiZ2rabncBaCrNG3OB-CBA,"""Ultimate Electronics""",,"""15020 N Northsight Blvd""",Scottsdale,AZ,85260,33.6215679,-111.8971547,4.5,3,0,Shopping;Electronics,,,,
71VGQ--nxzv7AgncgOX2Ig,"""Open Sesame Market""",,"""3502 W Greenway Rd, Ste 2""",Phoenix,AZ,85053,33.6258282,-112.1342392,4.5,12,1,Food;Grocery;Specialty Food,,,,
U1VRdnJgCSOujL7vnGwKxw,"""UnderTow""",,"""3620 E Indian School Rd""",Phoenix,AZ,85018,33.49563353,-112.0034688,4.5,144,1,Nightlife;Bars;Cocktail Bars;Tiki Bars,,,,
bLZ8_XqjM6AZFYhc7e35HA,"""Salon Rituals""",,"""8960 W Bell Rd, Ste 108""",Peoria,AZ,85382,33.6398604,-112.2523992,4.5,10,1,Beauty & Spas;Hair Salons;Day Spas;Makeup Artists,,,,
zjT5e1q37E7Od8DceC9Eng,"""Arizona Hot Dog""",,"""9000 N 103rd Ave""",Sun City,AZ,85345,33.56571833,-112.2811626,4.5,3,1,Hot Dogs;Restaurants,,,,
T-SkGYodKmwZi7GrVzc1yw,"""Hemmingways Cigar Boutique""",,"""15211 N Kierland Blvd, Ste 180""",Scottsdale,AZ,85254,33.6245681,-111.9297497,4.5,3,0,Shopping;Tobacco Shops,,,,
XG4wxkFRZAI92Vb9n1BM_w,"""Paradise Valley Dental""",,"""10555 N Tatum Blvd, Ste A-104""",Paradise Valley,AZ,85253,33.5807933,-111.9773761,4.5,3,1,Health & Medical;General Dentistry;Dentists;Cosmetic Dentists,,,,
SczLDJ_zWLpQn4SWWw9AOQ,"""One Stop Mobility""",,"""2822 E Greenway Rd, Ste A""",Phoenix,AZ,85032,33.6266088,-112.021575,4.5,3,1,Automotive;Local Services;Home Health Care;Medical Supplies;Shopping;Health & Medical;Transportation;Mobility Equipment Sales & Services;Hotels & Travel,,,,
PIpCmok4zzozeSI7iT9H9A,"""Salt River Fields at Talking Stick""",,"""7555 N Pima Rd""",Scottsdale,AZ,85258,33.5491458,-111.8912225,4.5,180,1,Baseball Fields;Venues & Event Spaces;Active Life;Stadiums & Arenas;Event Planning & Services;Arts & Entertainment,,,,
eDOPHm67KGaybTpFY-1Kzw,"""Uptown Bridal and Boutique""",,"""1300 N McClintock Dr""",Chandler,AZ,85226,33.32513,-111.911589,4.5,94,1,Shopping;Bridal,,,,
GFoJkebYoK2sigk3H8lUlg,"""Twisted Cactus Brew & BBQ""",,"""4080 W Ray Rd, Ste 26""",Chandler,AZ,85226,33.3224277,-111.9119889,4.5,110,1,Burgers;Restaurants;Bars;Barbeque;Brewpubs;Beer;Wine & Spirits;Sandwiches;Nightlife;Beer Bar;Food;Pubs;Breweries,,,,
UVl_cyH4KQceOHEw8X_LeQ,"""East Mesa Karate""",,"""9303 E Baseline Rd, Ste 104""",Mesa,AZ,85209,33.3781832,-111.6330182,4.5,8,1,Karate;Active Life;Summer Camps;Fitness & Instruction;Martial Arts;Kickboxing,,,,
j3aymkAQ6VxwQ8EHDNX2aA,"""Myphonesbroke""",,"""825 S Cooper Rd, Ste B8""",Gilbert,AZ,85233,33.3345486,-111.8048599,4.5,16,0,Electronics Repair;Local Services;IT Services & Computer Repair;Mobile Phone Repair,,,,
y3re6MMixKz0YIJyVenkIg,"""E & J Appliance Service Company""",,"""5010 S Ash Ave, Ste 103""",Tempe,AZ,85282,33.380211,-111.943145,4.5,106,1,Local Services;Appliances & Repair,,,,
XV0Psf5A2OhfmEvJMTUrTQ,"""Tre Bella""",,"""119 W Main St""",Mesa,AZ,85201,33.414779,-111.8349647,4.5,27,1,Venues & Event Spaces;Wedding Planning;Event Planning & Services,,,,
SfpJv17t9Em7vbkZpJHs9A,"""Arcadia Shoe Repair""",,"""4747 E Thomas Rd""",Phoenix,AZ,85018,33.479817,-111.978749,4.5,8,1,Shoe Repair;Local Services,,,,
mEeFkMoU1oxxRmEMZcv22g,"""Thaku's Menswear""",,"""4320 N Scottsdale Rd""",Scottsdale,AZ,85251,33.499092,-111.92639,4.5,11,1,Fashion;Sewing & Alterations;Local Services;Shopping;Men's Clothing,,,,
f89NxtkRxcX2siYYKpPcdA,"""Chase Bank""",,"""4401 E Camelback Rd""",Phoenix,AZ,85018,33.509032,-111.986164,4.5,3,1,Financial Services;Banks & Credit Unions,,,,
390FWEJVavlpg9VNWQxCWQ,"""Poke Bar""",,"""10701 N Scottsdale Rd""",Scottsdale,AZ,85254,33.5838841,-111.9246447,4.5,165,1,Poke;Food,,,,
QUs_7nqxo0xYE-KazHlx5A,"""Drury Inn & Suites Phoenix Happy Valley""",,"""2335 W Pinnacle Peak Rd""",Phoenix,AZ,85027,33.6997064,-112.1105611,4.5,65,1,Hotels & Travel;Event Planning & Services;Hotels,,,,
INbxt88XWRc6nYhIbswH8w,"""Rainbows Festival""",,"""115 N 6th St""",Phoenix,AZ,85004,33.4502566,-112.0662871,4.5,7,1,Arts & Entertainment;Festivals,,,,
bv4hb9zImZvXOHSOt2t-UQ,"""Fred Astaire Dance Studio of Chandler""",,"""2390 N Alma School Rd, Ste 125""",Chandler,AZ,85224,33.3409988,-111.8601111,4.5,16,1,Arts & Entertainment;Performing Arts;Specialty Schools;Active Life;Fitness & Instruction;Dance Studios;Dance Schools;Education,,,,
niYLhHZfVLu22IoC8_kq3w,"""Victoria Nails""",,"""4991 S Alma School Rd, Ste 15""",Chandler,AZ,85248,33.2338947,-111.8566231,4.5,4,1,Beauty & Spas;Nail Salons,,,,
DoY02CLtUg2ZpCWYwqWh6g,"""A & E Automotive""",,"""3015 E Main St, Ste 105""",Mesa,AZ,85213,33.4148155,-111.7657145,4.5,12,1,Oil Change Stations;Tires;Auto Repair;Automotive,,,,
UJkByg_F3d5sZWLZ97bm5Q,"""Union Hills Barber Shop""",,"""18400 N 19th Ave, Ste B""",Phoenix,AZ,85023,33.6530127,-112.0997597,4.5,3,1,Barbers;Beauty & Spas,,,,
s3V0I0xdIk3cPKK-AJeTKg,"""Arizona Heat Pest Services""",,"""13832 N 32nd St, Ste D-145""",Phoenix,AZ,85032,33.6131059,-112.014146,4.5,23,1,Local Services;Pest Control,,,,
0z010Dfuv-PLUIukFhYEHQ,"""Hydrate Salon and Spa""",,"""18261 N Pima Rd, Ste 125""",Scottsdale,AZ,85255,33.6528474,-111.8857167,4.5,19,1,Hair Salons;Day Spas;Beauty & Spas,,,,
4VOxaNfc-YnaT1xamBOKUw,"""Wok On""",,"""1920 W Broadway Rd""",Mesa,AZ,85202,33.4091395,-111.8723604,4.5,7,1,Restaurants;Chinese,,,,
JrXxQKt-TuHG1-ZjZifa1A,"""National Car Rental""",,"""1805 E Sky Harbor Cir S""",Phoenix,AZ,85034,33.43179,-112.04206,4.5,234,1,Car Rental;Hotels & Travel,,,,
f_xOPuRWACe2m96NrXosJQ,"""Smoke and Joe Lounge""",,"""29850 N Tatum Blvd, Ste 115""",Cave Creek,AZ,85331,33.7562269,-111.9928995,4.5,14,1,Tobacco Shops;Shopping;Coffee & Tea;Food,,,,
CUQGwZllSin4J8ZrJFa4rg,"""Shutter Shaque""",,"""8326 N 7th St""",Phoenix,AZ,85020,33.55947305,-112.0656505,4.5,6,1,Shades & Blinds;Home Services,,,,
Virk9jgmTs2tKidcEOehqA,"""John's Window Cleaning""",,"""2031 E Virgo Pl""",Chandler,AZ,85249,33.222851,-111.805642,4.5,6,1,Window Washing;Home Services;Home Cleaning,,,,
vA7gCRT0JsgSYy0U8NY0nA,"""Poke Spot""",,"""20831 N Scottsdale Rd, Ste 115""",Scottsdale,AZ,85255,33.67635359,-111.9228606,4.5,106,1,Food;Restaurants;Hawaiian;Seafood;Poke,,,,
oh-HacTAgdXJ9K2oJPbtdg,"""Biltmore Eye Physicians""",,"""4400 N 32nd St, Ste 280""",Phoenix,AZ,85018,33.5010051,-112.01332,4.5,16,1,Shopping;Health & Medical;Ophthalmologists;Optometrists;Eyewear & Opticians;Doctors,,,,
vk6t1-dg02KSF2AvnBJONQ,"""Paradise Valley Cooperative School""",,"""6239 E Bell Rd""",Scottsdale,AZ,85254,33.6397275,-111.9452594,4.5,9,1,Education;Preschools;Elementary Schools,,,,
kImrSRtU-JX4S2H_nlkcSQ,"""Rad-A-Tat Tattoo""",,"""3855 W Ray Rd""",Chandler,AZ,85226,33.3187426,-111.9088484,4.5,70,1,Piercing;Tattoo;Beauty & Spas,,,,
IgnwXUy5o5A4rb76zZeUng,"""Rum Runner's""",,"""8355 N 7th St""",Phoenix,AZ,85020,33.55958333,-112.0649086,4.5,25,1,Dive Bars;Nightlife;Bars,,,,
AASlZeiW3U7LlmvXTqMyYw,"""HTC Body Piercing - Uptown""",,"""4634 N 7th Ave""",Phoenix,AZ,85013,33.5051087,-112.0827464,4.5,75,1,Beauty & Spas;Shopping;Jewelry;Piercing,,,,
TG1hBEGLoQZt4T3OjC0G8A,"""Precision Auto Body""",,"""803 E Curry Rd""",Tempe,AZ,85281,33.4401492,-111.9278243,4.5,22,1,Automotive;Windshield Installation & Repair;Auto Repair;Auto Customization;Body Shops,,,,
bKoLvj4R8OUE2tFiqDvv_w,"""True REST Float Spa""",,"""1860 E Warner Rd, Ste 101""",Tempe,AZ,85284,33.3355941,-111.9072845,4.5,123,1,Oxygen Bars;Health & Medical;Beauty & Spas;Massage Therapy;Float Spa;Day Spas,,,,
#NAME?,"""Cold Stone Creamery""",,"""4990 S Gilbert Rd""",Chandler,AZ,85249,33.24230077,-111.7908343,4.5,4,0,Food;Ice Cream & Frozen Yogurt,,,,
u6q0f0JFTnVSNC2aWSDi_g,"""Tony's Bagels Deli & Coffee""",,"""9133 W Thunderbird Rd""",Peoria,AZ,85381,33.60912,-112.255836,4.5,7,0,Sandwiches;Delis;Restaurants,,,,
5L9XdHdBM5G0ui4bqYVUfw,"""Hamilton Aquatic Center""",,"""3838 S Arizona Ave""",Chandler,AZ,85248,33.249902,-111.842161,4.5,14,1,Swimming Pools;Active Life,,,,
FHZSKty-49xp2t8pF7YJ3g,"""Cigar King""",,"""7830 E Gelding Dr, Ste 100""",Scottsdale,AZ,85260,33.6154866,-111.9116185,4.5,45,1,Shopping;Beauty & Spas;Watches;Tobacco Shops;Cosmetics & Beauty Supply,,,,
h3YCZJ3sdlas34vBbOPMcQ,"""Edmar Fine Jewelry""",,"""11259 E Via Linda, Ste 112""",Scottsdale,AZ,85259,33.5865067,-111.8381091,4.5,7,1,Watches;Shopping;Jewelry Repair;Local Services;Jewelry,,,,
neO0lOx9YE3r7SvVkmpS8w,"""Arai Pastry""",,"""1335 W University Dr, Ste 4""",Tempe,AZ,85281,33.421319,-111.960158,4.5,104,1,Coffee & Tea;Desserts;Bakeries;Food,,,,
UlX9dzZdx1U8j7Gi4OEXPg,"""Desert Mountain Electric""",,"""515 E Carefree Hwy, Ste 4""",Phoenix,AZ,85085,33.875545,-112.079065,4.5,13,1,Lighting Fixtures & Equipment;Home Services;Electricians;Contractors,,,,
6qikZARLSIbNioBlY7OuVQ,"""Smallcakes Cupcakery and Creamery""",,"""9699 N Hayden Rd, Ste 109""",Scottsdale,AZ,85258,33.5749262,-111.9036254,4.5,86,1,Food;Ice Cream & Frozen Yogurt;Cupcakes;Desserts;Custom Cakes;Bakeries,,,,
hLG9zSdXXrIHkr8r9faG0A,"""Copenhagen Imports Warehouses & Clearance Center""",,"""4343 W Highland Ave""",Phoenix,AZ,85031,33.5039938,-112.1535265,4.5,22,1,Shopping;Furniture Stores;Home & Garden,,,,
qXA4i2geUxhNsUhdu0IEYQ,"""Nightingale Homecare""",,"""2411 W Rose Garden Ln, Ste 110""",Phoenix,AZ,85027,33.6755703,-112.1109745,4.5,9,1,Personal Care Services;Home Health Care;Health & Medical,,,,
#NAME?,"""Sunscreens By Mark""",,"""20817 N 21st Ave, Ste 15""",Phoenix,AZ,85027,33.67560424,-112.1038431,4.5,21,1,Shades & Blinds;Door Sales/Installation;Fences & Gates;Home Services,,,,
ee5Y3CUhsgCwQIEgXOOixg,"""Palms Restaurant and Market""",,"""2535 E Bell Rd""",Phoenix,AZ,85032,33.6401634,-112.0271725,4,6,0,Mediterranean;Restaurants;Greek,,,,
NjtSuYBNG-DEGNQ6koCWFg,"""Music Doctors""",,"""""",Paradise Valley,AZ,85253,33.546,-111.96828,4,3,1,Event Planning & Services;DJs;Musicians,,,,
I7P2-ky45FqMSnjQYWevVw,"""Animal Dermatology, PC""",,"""1616 E Glendale Ave""",Phoenix,AZ,85020,33.5385342,-112.0468037,4,19,1,Professional Services;Pet Services;Pets;Veterinarians,,,,
VELspuUy2mwBFR5HsvlcrQ,"""Student Recreation Complex""",,"""400 E Apache Blvd""",Tempe,AZ,85281,33.4147515,-111.9324639,4,4,1,Recreation Centers;Active Life,,,,
z3N_K9j5d-gTcBnp7tVxdg,"""Ironwood Library""",,"""4333 E Chandler Blvd""",Phoenix,AZ,85048,33.3048702,-111.9894638,4,12,1,Public Services & Government;Libraries,,,,
tXMYTZc0lxLNpnU1lI5j0Q,"""Walgreens""",,"""13723 N Litchfield Rd""",Surprise,AZ,85379,33.60906002,-112.3590047,4,5,1,Shopping;Drugstores;Medical Supplies,,,,
ZBPJrLSPxjquHpZYAfjHdQ,"""Glitter Nails and Spa""",,"""2017 E Cactus Rd, Ste H""",Phoenix,AZ,85022,33.5961862,-112.0361235,4,20,1,Nail Salons;Beauty & Spas,,,,
7jCkA0wQpFUDio8-ITylDg,"""Campbell's Car Wash""",,"""2150 E Sweetwater""",Phoenix,AZ,85022,33.6042036,-112.037312,4,54,1,Car Wash;Automotive,,,,
apJzZXcNKDlfw7yO3UeAMQ,"""Jo Ann Alvarez - State Farm Insurance Agent""",,"""3885 S Val Vista Dr, Ste 101""",Gilbert,AZ,85297,33.2797061,-111.7545598,4,4,1,Financial Services;Home & Rental Insurance;Auto Insurance;Banks & Credit Unions;Insurance,,,,
53-6pUb_NS-fxJPCJGizfQ,"""Pamela Chambers Consulting""",,"""8426 E Shea Blvd""",Scottsdale,AZ,85260,33.5828219,-111.8981656,4,9,1,Counseling & Mental Health;Occupational Therapy;Rehabilitation Center;Health & Medical,,,,
jrwMQylbcW5a97p5sjZQGg,"""Westworld of Scottsdale""",,"""16601 N Pima Rd""",Scottsdale,AZ,85260,33.631775,-111.877631,4,44,1,Stadiums & Arenas;Arts & Entertainment,,,,
m5uStfnjS2YP6HA4NUj_SA,"""Mayo Clinic Family Medicine - Thunderbird""",,"""13737 N 92nd St""",Scottsdale,AZ,85260,33.6107878,-111.8817971,4,10,1,Family Practice;Health & Medical;Doctors,,,,
DMljjOLnHQFHU4EH3ryq4g,"""Elements Massage""",,"""Chaparral Plaza, 7908 E Chaparral Rd, Suite 105""",Scottsdale,AZ,85250,33.51046371,-111.9113617,4,16,0,Massage Therapy;Health & Medical;Beauty & Spas;Massage,,,,
hPUGNTYAwuwKkHBKmcKCmQ,"""North Central Sports Bar""",,"""1170 E Northern Ave""",Phoenix,AZ,85020,33.5532465,-112.0571245,4,17,1,Nightlife;Sports Bars;Bars,,,,
KP-f7in9RSapddzIVRBE1Q,"""Genie G's""",,"""7349 W Indian School Rd""",Phoenix,AZ,85033,33.4942713,-112.2178347,4,66,1,Diners;American (New);Breakfast & Brunch;Restaurants,,,,
bRLAPT2XutDEbZCgjcEJKA,"""Tully's Coffee""",,"""10135 E Via Linda, Ste 117""",Scottsdale,AZ,85258,33.5747251,-111.8619471,4,7,0,Bakeries;Coffee & Tea;Food,,,,
yX2Iu4--Z6QK7kfEvvpgHg,"""Saffron Kitchen""",,"""""",Scottsdale,AZ,85258,33.5669912,-111.8985922,4,5,0,Event Planning & Services;Caterers,,,,
qZsRkYjSti2NibyFVU0P8A,"""Jimmy John's""",,"""800 N 54th St""",Chandler,AZ,85226,33.316811,-111.971527,4,46,1,Food Delivery Services;Sandwiches;Delis;Restaurants;Food,,,,
W-5cdzVAeRv0EtAeed4tqw,"""Sam's Gyros""",,"""8941 N Central Ave""",Phoenix,AZ,85020,33.567452,-112.073536,4,9,0,Hot Dogs;Middle Eastern;Restaurants;Fast Food,,,,
6lsVNfl7fLi8uQaG3BMJFw,"""uBreakiFix""",,"""1645 E Camelback Rd, Ste 104""",Phoenix,AZ,85016,33.5076828,-112.0459694,4,114,1,Local Services;Mobile Phone Repair;IT Services & Computer Repair;Mobile Phones;Electronics Repair;Shopping,,,,
Kx-FVuIdlnvPBXpJvcn5qw,"""Born & Glazed""",,"""3213 N Hayden Rd""",Scottsdale,AZ,85251,33.4861097,-111.908922,4,56,0,Donuts;Food,,,,
O6rGW7A7l_125-xzTZkRLQ,"""Sassi""",,"""10455 E Pinnacle Peak Pkwy""",Scottsdale,AZ,85255,33.725968,-111.855946,4,225,1,Party & Event Planning;Bars;Wine Bars;Italian;Restaurants;Nightlife;Venues & Event Spaces;Event Planning & Services,,,,
CO9Wz-mJRZKE5Xp02BYvtw,"""TLC Reflexology Massage""",,"""3961 E Chandler Blvd, Ste 105""",Phoenix,AZ,85048,33.3035053,-111.99869,4,14,0,Beauty & Spas;Reflexology;Massage;Health & Medical,,,,
8WKA2k3_tWMT1W1jYMOyqA,"""Costco""",,"""2450 E Beardsley Rd""",Phoenix,AZ,85050,33.67113098,-112.0281672,4,82,1,Shopping;Food;Wholesale Stores;Grocery,,,,
GJVF0797Y2fVkMZFQFM8Rg,"""Kale & Clover""",,"""20511 N Hayden Rd""",Scottsdale,AZ,85255,33.67204741,-111.9050601,4,186,1,American (New);Sandwiches;Salad;Restaurants,,,,
SUriWMwERjlU6kTZF_BXYA,"""Diamond Body Art""",,"""876 N McQueen Rd, Ste 104""",Gilbert,AZ,85233,33.3656078,-111.8252761,4,15,0,Tattoo;Piercing;Beauty & Spas,,,,
iGiol6c1Ir1rb0uYmHYYQw,"""Barry's True Value""",,"""7822 N 12th St, Ste A""",Phoenix,AZ,85020,33.55143338,-112.0566369,4,27,1,Home Services;Building Supplies;Wholesale Stores;Shopping;Hardware Stores;Home & Garden,,,,
j0h8OH6ktQsnTmIaJsN5Hw,"""Rubio's""",,"""15705 North Hayden Rd, Ste C8-9""",Scottsdale,AZ,85260,33.62816769,-111.8914398,4,76,1,Seafood;Event Planning & Services;Mexican;Salad;Restaurants;Caterers,,,,
wxS5oL9IzxEXtkP7t_lkSw,"""Arizona's Best Smoke Shop""",,"""1955 W Main St, Ste 102""",Mesa,AZ,85201,33.4133164,-111.8740335,4,23,1,Gift Shops;Head Shops;Shopping;Tobacco Shops;Nightlife;Flowers & Gifts,,,,
Z4gud3zJIdX_uAZwhT66xA,"""AZ Mobile Pool Service""",,"""4041 E Hartford Ave""",Phoenix,AZ,85032,33.644843,-111.994234,4,7,1,Home Services;Pool Cleaners;Pool & Hot Tub Service,,,,
s8zqkI4nVp4VOPayjo8JGg,"""KC Cabinet""",,"""4507 N 43rd Ave""",Phoenix,AZ,85031,33.5018636,-112.1509613,4,4,1,Home Services;Interior Design;Cabinetry;Building Supplies,,,,
5zHi8eQhO7sO3N15zHgkUg,"""Even Stevens Sandwiches""",,"""21 W Van Buren St""",Phoenix,AZ,85003,33.4510721,-112.0747304,4,146,1,Salad;Sandwiches;Restaurants;Breakfast & Brunch;Gluten-Free,,,,
ms7cmWkPiSBDTnz-1sv2kQ,"""Ticoz Latin Kitchen""",,"""5114 N 7th St""",Phoenix,AZ,85014,33.51167798,-112.0653424,4,449,0,Caribbean;Mexican;Restaurants;Latin American,,,,
zqNgwQjj0_XAll-neGikIw,"""Merci French Cafe & Patisserie""",,"""7620 E Indian School Rd""",Scottsdale,AZ,85251,33.49664,-111.916218,4,261,1,French;Cafes;Breakfast & Brunch;Restaurants,,,,
8g5wu4oJx54wpsvdDIas4Q,"""Redz Urban Table""",,"""2999 N 44th St""",Phoenix,AZ,85018,33.48261572,-111.986426,4,5,1,Restaurants;Salad;Breakfast & Brunch;Sandwiches,,,,
58r0y-4rDHtyCW4t8HfUsQ,"""Duck & Decanter""",,"""3111 N Central Ave, Ste 110""",Phoenix,AZ,85012,33.4847321,-112.0733205,4,24,0,Restaurants;Sandwiches,,,,
PStQCGyfwy_aJNkuHW2X6w,"""Elite Laser & Spa""",,"""625 N Gilbert Rd, Ste 101""",Gilbert,AZ,85234,33.3611331,-111.7893123,4,5,1,Medical Spas;Laser Hair Removal;Skin Care;Hair Removal;Health & Medical;Weight Loss Centers;Beauty & Spas,,,,
H2RgkjPs3W-CxbyygCJJew,"""Pacific Gardens""",,"""4747 E Elliott Rd""",Phoenix,AZ,85044,33.34819017,-111.9833333,4,88,0,Sushi Bars;Restaurants;Asian Fusion;Chinese,,,,
ko9g03dv34Ftz37Q6J5C9Q,"""Aqua-Tots Swim Schools Ahwatukee""",,"""4735 E Ray Rd, Ste A001""",Ahwatukee,AZ,85044,33.3176482,-111.9811282,4,6,1,Specialty Schools;Active Life;Swimming Lessons/Schools;Fitness & Instruction;Education,,,,
3QsTU7MZp2jKumN1c1BKrw,"""Starpower""",,"""7077 E Mayo Blvd, Ste 120""",Phoenix,AZ,85054,33.6524229,-111.9277668,4,10,1,Shopping;Security Systems;Home Theatre Installation;Home Services;Home Automation;Electronics,,,,
S5b_YV6a3fxUpDlk-rkMAA,"""Brooklyn Bedding""",,"""4360 E Main St""",Mesa,AZ,85205,33.41589061,-111.7369235,4,8,1,Shopping;Mattresses;Home & Garden,,,,
EhYPSOdJ1xixc1-vTy2oxA,"""Desert Ridge KinderCare""",,"""22050 N 44th St""",Phoenix,AZ,85050,33.688217,-111.98029,4,7,1,Child Care & Day Care;Local Services;Preschools;Education;Elementary Schools,,,,
azHJsYAc_GlO7QhHl1A5-g,"""Champs Family Automotive""",,"""13200 W Foxfire Dr, Ste 137-138, Ste 137 - 138""",Surprise,AZ,85378,33.6424528,-112.344255,4,6,1,RV Repair;Automotive;Auto Repair,,,,
ETrTVGa6iziYD6RX8R7fCw,"""Amazing Lash Studio - Ahwatukee""",,"""4722 East Ray Rd, Ste 21""",Phoenix,AZ,85044,33.3217312,-111.9821741,4,14,1,Cosmetics & Beauty Supply;Shopping;Eyelash Service;Beauty & Spas,,,,
1dX0u7zsjizDvatHEutHdQ,"""Lenny's Burger""",,"""2545 W Glendale Ave""",Phoenix,AZ,85051,33.5382419,-112.1146912,4,110,1,Restaurants;Burgers,,,,
eZ90hODzk5We3EcXw0b4Fg,"""Suzanne's Hot Stuff""",,"""6245 E Cave Creek Rd""",Cave Creek,AZ,85331,33.8314777,-111.945564,4,9,1,Specialty Food;Food,,,,
_AEVwvyOtR2qQva66UmWhQ,"""Club 42 Permanent Cosmetics""",,"""3851 E Thunderbird Rd, Ste B113""",Phoenix,AZ,85032,33.6109899,-111.9981776,4,5,1,Permanent Makeup;Beauty & Spas;Makeup Artists;Eyelash Service,,,,
eSENXDnnNSo-MLLkWJQ8Vg,"""La Santisima""",,"""5932 W Glendale Ave""",Glendale,AZ,85301,33.5388171,-112.1880667,4,299,1,Food;Vegetarian;Vegan;Breakfast & Brunch;Mexican;Nightlife;Bars;Restaurants,,,,
_mg5bYknpZgaWSfjQVmrJQ,"""Spinato's Pizzeria""",,"""5509 N 7th St""",Phoenix,AZ,85014,33.51700641,-112.0646513,4,286,1,Pizza;Restaurants;Italian,,,,
p2K0K84PD4XQ01FX7OFM_g,"""Arizona Pet Resort""",,"""1211 E Curry Rd""",Tempe,AZ,85281,33.439734,-111.91988,4,14,0,Pet Services;Veterinarians;Pet Sitting;Pets,,,,
NF0H-HFJOK6R8fkhYkFuzw,"""Firebirds Wood Fired Grill""",,"""3435 W Chandler Blvd""",Chandler,AZ,85226,33.3045866,-111.9006511,4,411,1,Bars;Wine Bars;Restaurants;Seafood;Nightlife;Steakhouses;American (Traditional),,,,
nVMw0d7zD5Z2VTPDey61qg,"""Modern Burger""",,"""7014 E Camelback Rd, Ste 1433""",Scottsdale,AZ,85251,33.5025088,-111.9290233,4,31,0,Burgers;Restaurants,,,,
2tZnGrYoyaBqZgnYMxINWA,"""Ritter's Frozen Custard""",,"""17014 W Bell Rd, Ste 102""",Surprise,AZ,85379,33.640491,-112.4247095,4,5,0,Ice Cream & Frozen Yogurt;Food,,,,
yt1C94WXeUokPsjyqWWaiQ,"""Caribbean Palm - Scottsdale""",,"""7049 E Mcdowell Rd""",Scottsdale,AZ,85257,33.4656047,-111.9293095,4,65,1,Bars;Diners;Restaurants;Seafood;Caribbean;Nightlife,,,,
lAQTjlPMxIXdrQyZ-X7rcQ,"""Fair Oaks Cigars""",,"""9780 W Northern Ave, Ste 1105""",Peoria,AZ,85345,33.5522955,-112.2698868,4,23,1,Shopping;Tobacco Shops,,,,
4GqYKACl7yKz_dBDGXMZMA,"""Lone Tree Golf Club""",,"""6262 S Mountain Blvd""",Chandler,AZ,85249,33.21515574,-111.783818,4,11,1,Golf;Active Life,,,,
hJ1l9YiMw00eVUNokOmIpA,"""Scottsdale Children's Group""",,"""7425 E Shea Blvd""",Scottsdale,AZ,85260,33.581766,-111.9213357,4,24,1,Health & Medical;Doctors;Pediatricians,,,,
YuBeRmlrnrgqv6Pu50D7Qw,"""Rumbi Island Grill""",,"""7325 E Frank Lloyd Wright Blvd""",Scottsdale,AZ,85260,33.6369667,-111.9222616,4,21,0,Hawaiian;Restaurants;Vegetarian,,,,
VHhCLox9ewdqxSJNduTlVA,"""KC Animal Hospital""",,"""10607 N Frank Lloyd Wright Blvd""",Scottsdale,AZ,85259,33.5830512,-111.8321475,4,16,1,Pet Sitting;Pet Groomers;Pets;Pet Services;Veterinarians,,,,
edH8L6RxSfQ78R_51QoDWA,"""Lean Lifestyle""",,"""""",Scottsdale,AZ,85260,33.601973,-111.88792,4,27,1,Food;Food Delivery Services;Breakfast & Brunch;Restaurants,,,,
woeiTM-UuCMqWDsonnjU-g,"""Vitality Skin & Body""",,"""8520 East Shea Blvd, Ste 100""",Scottsdale,AZ,85260,33.583039,-111.897464,4,5,1,Beauty & Spas;Medical Spas;Health & Medical,,,,
ygZSfAsnlztdeWZOlJA2Ug,"""Barro's Pizza""",,"""950 E Baseline Rd, Ste 101""",Tempe,AZ,85283,33.378956,-111.925552,4,72,1,Italian;Restaurants;Pizza;Sandwiches,,,,
roz-ed8kvBF6fwKBPeJ49Q,"""Tutti Santi""",,"""7575 N 16th St, Ste 5""",Phoenix,AZ,85020,33.546583,-112.0469306,4,216,1,Italian;Restaurants,,,,
JymOrvNJiw4RXT4AAJLyIg,"""Lorenzo's Dog Training Team""",,"""3502 E Cactus Rd""",Phoenix,AZ,85032,33.598145,-112.0069922,4,5,1,Pet Training;Pets;Pet Services,,,,
17SOeSzr3835ss6DW_qhwQ,"""Lillian Lottie Couture""",,"""8100 E Indian School Rd, Ste 110""",Scottsdale,AZ,85251,33.4952763,-111.9060195,4,125,1,Shopping;Bridal,,,,
CRoa0JYCzBkR8ArMI6LnCg,"""Cheryl Phipps""",,"""7024 E Osborn Rd, Ste C""",Scottsdale,AZ,85251,33.4878717,-111.929309,4,4,1,Massage;Beauty & Spas,,,,
5AzGqv0jjRMXrcRIE1zCvg,"""Swizzle Inn""",,"""5835 N 16th St, Ste A""",Phoenix,AZ,85016,33.52324474,-112.0468714,4,119,1,Bars;Dive Bars;Nightlife,,,,
hZfOOdU6Iz4PKiPqx_FUdg,"""Candy Addict""",,"""414 S Mill Ave, Ste 119""",Tempe,AZ,85281,33.4259647,-111.9402513,4,47,1,Food;Specialty Food;Candy Stores,,,,
fc1ld6bfdyrgJV-0jqhrUw,"""Anise Cafe""",,"""7539 W Peoria Ave, Ste B104""",Peoria,AZ,85345,33.580238,-112.221038,4,33,0,Thai;Restaurants;Asian Fusion;Vietnamese,,,,
99roNtbb00mOr39a_2Ifzw,"""Arizona Firestone""",,"""1436 N Higley Rd""",Gilbert,AZ,85234,33.3762929,-111.722967,4,13,1,Oil Change Stations;Tires;Automotive;Auto Repair,,,,
VXWuzLLgO6oG_Au0max2pQ,"""Gateway Executive Suites""",,"""4140 E Baseline Rd, Ste 101""",Mesa,AZ,85206,33.379519,-111.744814,4,3,1,Shared Office Spaces;Real Estate;Home Services,,,,
SKt4tM6NBZaVQb6t5kGjWA,"""Sage Hospice""",,"""5111 N Scottsdale Rd, Ste 204""",Scottsdale,AZ,85250,33.5118216,-111.9253581,4,16,1,Health & Medical;Hospice;Home Health Care,,,,
2Yp-Sk-8Co8IduVGJoY3sQ,"""ATA Martial Arts""",,"""4235 W Opportunity Way, Ste 100""",Anthem,AZ,85086,33.86484734,-112.1498317,4,4,1,Fitness & Instruction;Martial Arts;Active Life;Day Camps,,,,
x-gCWVHofOLtiCtXC7y31w,"""Las Brazas""",,"""2950 N 32nd St""",Phoenix,AZ,85018,33.4814408,-112.0129072,4,3,0,Mexican;Restaurants,,,,
OYUo8ji0mQ3NlDsCgHQBjQ,"""Arizona Mini Dental Implant Center""",,"""633 N Gilbert Rd""",Mesa,AZ,85203,33.427198,-111.7875211,4,3,1,Dentists;Health & Medical,,,,
ZUZBA9EBWfML5aSJmH7yvw,"""Arizona Organix""",,"""5301 W Glendale Ave""",Glendale,AZ,85301,33.5383257,-112.172732,4,30,1,Health & Medical;Cannabis Clinics,,,,
5e-nxE0oVt-KG-yxiq8YdQ,"""Trapped in a Room With a Zombie""",,"""5047 East Elliot Rd""",Phoenix,AZ,85044,33.3488818,-111.9765305,4,8,1,Arts & Entertainment;Kids Activities;Active Life;Challenge Courses,,,,
vqmxesrfiZkyC-44e9Qpxg,"""Diamante's Salon and Spa""",,"""20783 N 83rd Ave, Ste 101""",Peoria,AZ,85382,33.6727473,-112.2379071,4,5,0,Beauty & Spas;Nail Salons;Hair Salons,,,,
8ST3ohqFYGK53sMS2y418Q,"""Shutterz Incorporated""",,"""6655 W Frye Rd""",Chandler,AZ,85226,33.298859,-111.95711,4,3,1,Shutters;Windows Installation;Shades & Blinds;Shopping;Home Services;Home Decor;Home & Garden,,,,
TGE_WL_oh-mxbBZ6NbB_Fw,"""Xavier College Preparatory""",,"""4710 N 5th St""",Phoenix,AZ,85012,33.5051739,-112.067263,4,5,1,Education;Middle Schools & High Schools,,,,
YbweWBgYj9T3VqMFJcQlOw,"""Flaming Kabob""",,"""2252 E Baseline Rd""",Mesa,AZ,85204,33.379512,-111.78441,4,177,1,Afghan;Halal;American (Traditional);Mediterranean;Restaurants;Middle Eastern,,,,
Rc14rAZpxuwh36xw_Jo4Vg,"""Lin Nails and Spa""",,"""8115 N 35th Ave, Ste 1""",Phoenix,AZ,85051,33.55535054,-112.1332103,4,4,0,Beauty & Spas;Nail Salons,,,,
EAw27ofC87Kl0ZzWhwAgwg,"""Crowning Kings Barber Shop""",,"""2740 S Alma School, Ste 10""",Mesa,AZ,85210,33.36507535,-111.860757,4,4,1,Barbers;Beauty & Spas,,,,
Bp24FvxMSICd6FcNAwdBKQ,"""Valley Child Care & Learning Center""",,"""14085 N Dysart Rd""",El Mirage,AZ,85335,33.6109526,-112.3412343,4,3,1,Local Services;Child Care & Day Care,,,,
33yClygMVQZb5y9WgOCHLA,"""Zam Zam World Foods""",,"""1638 N 40th St""",Phoenix,AZ,85008,33.4669617,-111.9959631,4,34,0,Specialty Food;Food;Grocery;Restaurants;Ethnic Food;Imported Food;Indian;Halal,,,,
9LwvVV5aU7KK4RpjrI-sYA,"""Retail Laboratory""",,"""2442 E Camelback Rd""",Phoenix,AZ,85016,33.5094383,-112.0292621,4,5,0,Men's Clothing;Fashion;Women's Clothing;Shopping,,,,
8_oVEG3rhm-Kbusd2clRNw,"""Troy Christensen, DDS, MS""",,"""530 N Estrella Pkwy""",Goodyear,AZ,85338,33.4525643,-112.3939171,4,5,1,Orthodontists;Health & Medical;Dentists,,,,
e4QFCaFL5vgjlnSY1JNs3A,"""Blimpie""",,"""7975 N Hayden Rd, Ste D275""",Scottsdale,AZ,85258,33.5532407,-111.897502,4,3,0,Restaurants;Sandwiches,,,,
6TNxoaTubyTNJ07MjXNTbw,"""Modern Family Medicine""",,"""7522 E 1st St""",Scottsdale,AZ,85251,33.492433,-111.918819,4,5,1,Osteopathic Physicians;Naturopathic/Holistic;Meditation Centers;Fitness & Instruction;Doctors;Health & Medical;Acupuncture;Family Practice;Active Life,,,,
NlygCdDcLiDi8bKRoXrNCQ,"""Tip Toe Nails Spa""",,"""20783 N 83rd Ave, Ste 109""",Peoria,AZ,85382,33.6727473,-112.2379071,4,14,0,Beauty & Spas;Nail Salons,,,,
f3DWw-I9Fd19BW7cwMRQKA,"""Consign At Chez""",,"""4702 N 7th Ave""",Phoenix,AZ,85013,33.5059704,-112.0827347,4,5,1,Antiques;Home & Garden;Shopping;Fashion;Used;Vintage & Consignment;Home Decor,,,,
adDU0RLPAGxPME2Y1A6xcg,"""1455 American Grill""",,"""1455 W Elliot Rd, Ste 101""",Gilbert,AZ,85233,33.349441,-111.8212717,4,82,1,Nightlife;Burgers;Salad;Restaurants;Bars;American (New);American (Traditional),,,,
oZcbn7ENit23xbCsyu9xbA,"""Yasu Sushi Bistro""",,"""4316 E Cactus Rd""",Phoenix,AZ,85032,33.59937848,-111.9894767,4,393,1,Sushi Bars;Japanese;Restaurants,,,,
S91O3KYPlqqpCurYMKyREQ,"""AZ Reef Monsters""",,"""4460 E Main St, Ste 101""",Mesa,AZ,85205,33.41650946,-111.7331488,4,33,1,Pets;Local Fish Stores;Pet Stores;Shopping,,,,
nOnyzCNbWCPu-I8XskU1PA,"""Wild Horse West""",,"""8415 W Carefree Hwy""",Peoria,AZ,85383,33.79686666,-112.2421718,4,64,1,Restaurants;American (New),,,,
GdY2L3tJqAjsJ_wjCPlQgQ,"""Midfirst Bank""",,"""4750 E Chandler Blvd""",Phoenix,AZ,85048,33.30579,-111.981018,4,8,1,Financial Services;Banks & Credit Unions,,,,
1ZZoKT0Fp3VT9SzHGx2LlA,"""Bug & Weed Mart""",,"""5030 N Central Ave""",Phoenix,AZ,85012,33.5100647,-112.0741766,4,7,1,Shopping;Pest Control;Home & Garden;Local Services,,,,
FdiZDOs8LbSnBpA_e5R5HQ,"""Jet's Pizza""",,"""4245 S Arizona Ave, Ste 5""",Chandler,AZ,85248,33.24421225,-111.8405226,4,81,1,Sandwiches;Restaurants;Salad;Italian;Pizza,,,,
T3onvOAI5ai7x_C5Eo7bhg,"""Energy Tanning""",,"""7349 N Via Paseo Del Sur""",Scottsdale,AZ,85258,33.5436614,-111.9052495,4,4,0,Beauty & Spas;Tanning,,,,
UwLbFScu6VfYlWEbO3geFA,"""J & B Carpets""",,"""8336 N 7th St""",Phoenix,AZ,85020,33.559821,-112.065735,4,5,1,Carpeting;Home Services,,,,
LDAr89hcti3xeO2rTDyoOQ,"""Crossroads Sports Lounge""",,"""950 N Dysart Rd""",Goodyear,AZ,85338,33.4567027,-112.3426348,4,11,1,Nightlife;Sports Bars;Bars;Pool Halls,,,,
fdsnVDb9rvOBfhait9AqLQ,"""T-Mobile""",,"""2330 W Happy Valley Rd""",Phoenix,AZ,85085,33.714179,-112.109866,3.5,5,1,Shopping;Mobile Phones,,,,
xv-SIqcaN3b4cu3NQgB1Tw,"""In & Out Tags & Title Services""",,"""3170 S Gilbert Rd, Ste 5""",Chandler,AZ,85286,33.260181,-111.7905894,3.5,21,1,Registration Services;Auto Parts & Supplies;Departments of Motor Vehicles;Local Services;Automotive;Public Services & Government,,,,
b5yeeundNzGjUJi72MGELw,"""L'Posh Nails""",,"""4604 S Higley Rd, Ste 101""",Gilbert,AZ,85297,33.2651416,-111.7224872,3.5,47,1,Nail Salons;Beauty & Spas,,,,
zLsgXEuw0jaiQgZmLWUtFA,"""Whataburger""",,"""2901 E Bell Rd""",Phoenix,AZ,85032,33.64026055,-112.0195996,3.5,40,1,Burgers;Restaurants;American (Traditional);Fast Food,,,,
#NAME?,"""Inspec 10 Home Inspection""",,"""""",Scottsdale,AZ,85266,33.7605763,-111.9164779,3.5,7,1,Home Services;Home Inspectors,,,,
a_hZQvAKfHz0fIq8PI-BFw,"""Valley Women for Women""",,"""485 S Dobson Rd, Ste 200""",Chandler,AZ,85224,33.2965461,-111.8755538,3.5,54,1,Health & Medical;Doctors;Obstetricians & Gynecologists,,,,
mYYS7y_Jrh_lK6sAlSGYRQ,"""Banner Northwest Valley Obstetrics and Gynecology""",,"""14418 W Meeker Blvd, Bldg B""",Sun City West,AZ,85375,33.6598045,-112.3699412,3.5,5,1,Doctors;Health & Medical;Obstetricians & Gynecologists,,,,
PKuUfy9BUk9LsMgzDIRr8A,"""McDonald's""",,"""1213 S Greenfield Rd""",Mesa,AZ,85206,33.3934817,-111.7359934,3.5,9,1,Restaurants;Burgers;Fast Food,,,,
dypgKBqw4MHGs13hdHOk6g,"""Epic Valet""",,"""""",Scottsdale,AZ,85250,33.5243639,-111.8985922,3.5,24,1,Limos;Transportation;Professional Services;Parking;Valet Services;Hotels & Travel;Caterers;Automotive;Event Planning & Services,,,,
sWD9ULe0PUpDpglCsAxcCA,"""InStock Furniture""",,"""3547 E Southern Ave""",Mesa,AZ,85204,33.393028,-111.7544769,3.5,11,1,Furniture Stores;Mattresses;Shopping;Home & Garden,,,,
K1xl6XvZPCs8BgsbaVWQiA,"""The Little Kitchen""",,"""7127 E Main St, Ste B""",Mesa,AZ,85207,33.41462573,-111.677297,3.5,21,1,Breakfast & Brunch;Restaurants,,,,
TRJHqPTKFFFglV0OGXS3Ig,"""Baseline Pub""",,"""1825 E Baseline Rd, Ste 1""",Tempe,AZ,85283,33.3779385,-111.9062779,3.5,29,1,Pubs;Nightlife;Bars;Sports Bars,,,,
nQlMWmJ-Zp3Zcpr4wZoVcw,"""The Vault Cafe""",,"""6001 N 24th St""",Phoenix,AZ,85016,33.5251019,-112.028596,3.5,3,0,Breakfast & Brunch;Restaurants;Food;Coffee & Tea;Sandwiches,,,,
yv5lGgCTNm7VVbr6pHB65Q,"""Prime Eye Care""",,"""1940 S Country Club Dr""",Mesa,AZ,85210,33.3803048,-111.8418116,3.5,3,1,Optometrists;Health & Medical,,,,
VX-Zvo03Ikk14ZJVt9QQ3w,"""Earnhardt Chandler Cadillac""",,"""1450 S Gilbert Rd""",Chandler,AZ,85286,33.28544659,-111.7912113,3.5,53,1,Auto Repair;Car Dealers;Automotive,,,,
_LoHNNpQ1rtTYodoAjzM1g,"""Organic Dry Carpet Cleaning""",,"""1418 E Washington St""",Phoenix,AZ,85034,33.4485137,-112.0511925,3.5,6,1,Rugs;Local Services;Carpeting;Shopping;Carpet Cleaning;Carpet Installation;Home & Garden;Home Services,,,,
8uWjN6PZK29_8ar1a1JUAw,"""SPSI""",,"""9014 N 23rd Ave, Ste 7""",Phoenix,AZ,85021,33.5679893,-112.1087407,3.5,3,1,Local Services;Computers;IT Services & Computer Repair;Shopping,,,,
TIRi1TqTE_qboL-szcw63A,"""RWC Building Products""",,"""1918 W Grant St""",Phoenix,AZ,85009,33.4415977,-112.1022613,3.5,7,1,Building Supplies;Flooring;Roofing;Home Services,,,,
orUZFDOvE1_WwWmkdzPvnQ,"""Tara Brodkin, MD""",,"""9070 E Desert Cove Ave, Ste 102""",Scottsdale,AZ,85260,33.5855637,-111.8850328,3.5,51,1,Obstetricians & Gynecologists;Doctors;Health & Medical,,,,
1DEddKWvmWzPIa-6NFh3tw,"""Lakeside Pools""",,"""580 N Bullard Ave, Ste 61""",Goodyear,AZ,85338,33.4529513,-112.3779196,3.5,9,1,Home Services;Pool Cleaners;Landscape Architects;Contractors;Pool & Hot Tub Service,,,,
OjpZ3piwJ-ARzHeUVlngTQ,"""Total Wine & More""",,"""1416 N Litchfield Rd""",Goodyear,AZ,85395,33.46187846,-112.3611202,3.5,54,1,Tobacco Shops;Head Shops;Beer;Wine & Spirits;Shopping;Grocery;Food;Flowers & Gifts,,,,
LYY0KXODhUrkYaZ-xr--Ng,"""Savers""",,"""3517 W Bell Rd""",Phoenix,AZ,85053,33.6384071,-112.1347347,3.5,24,1,Thrift Stores;Shopping,,,,
dFMrUTs-cYOSn4zl2G5l7A,"""Karma Cars of Arizona""",,"""1725 W Williams Dr, Ste 24""",Phoenix,AZ,85027,33.6896223,-112.0963767,3.5,3,0,Car Dealers;Automotive,,,,
kT4HaJ6H4NTheWPHjt0tDw,"""Accident Chiropractic""",,"""6851 S Central Ave""",Phoenix,AZ,85042,33.383241,-112.0730417,3.5,5,1,Chiropractors;Health & Medical,,,,
YkHd_jANsjKWZu42xhkaKw,"""METRO light rail""",,"""101 N 1st Ave, Ste 1300""",Phoenix,AZ,85003,33.4498345,-112.0746995,3.5,165,1,Hotels & Travel;Public Transportation;Transportation;Public Services & Government,,,,
v5ViCQpOhvPP5v1A4RvqXQ,"""Big Two Body Shop""",,"""1120 W Main St""",Mesa,AZ,85201,33.4154829,-111.8553105,3.5,6,1,Automotive;Body Shops,,,,
9nHpqlu7be1466wdo_t5kQ,"""Red Robin Gourmet Burgers""",,"""6632 E Superstition Springs Blvd""",Mesa,AZ,85206,33.38545077,-111.6880869,3.5,105,1,Restaurants;Burgers;American (Traditional),,,,
NOa2huwFeKWz2TP-sjhZhA,"""Tortas Ahogadas George""",,"""9550 West Van Buren St, Ste 17""",Tolleson,AZ,85353,33.45119734,-112.2652732,3.5,17,1,Restaurants;Mexican,,,,
EBc1XEk6YbqD4UBu6q8RIw,"""Hissyfits""",,"""7036 N 7th St""",Phoenix,AZ,85015,33.53948787,-112.0654607,3.5,71,1,Baby Gear & Furniture;Children's Clothing;Used;Vintage & Consignment;Shopping;Fashion,,,,
dKXTx44r5odwH1app6HeUA,"""Pendleton Pediatrics""",,"""1445 W Chandler Blvd""",Chandler,AZ,85224,33.3054236,-111.8659653,3.5,17,1,Pediatricians;Health & Medical;Doctors,,,,
MHDmbGEMu5Tv69UqOgIDSQ,"""Litchfield Park Library""",,"""101 W Wigwam Blvd""",Litchfield Park,AZ,85340,33.4929042,-112.3586706,3.5,3,1,Restaurants;Libraries;Public Services & Government;Pizza,,,,
HWdU37fQp610Kkgk-dlsew,"""Desert Schools Federal Credit Union""",,"""2355 S Alma School Rd""",Mesa,AZ,85210,33.371938,-111.858859,3.5,9,1,Auto Loan Providers;Banks & Credit Unions;Automotive;Financial Services,,,,
Suqo-sO2n3oDBC8ahVIzyw,"""Circle K""",,"""2439 W Union Hills Dr""",Phoenix,AZ,85027,33.6542956,-112.1114687,3.5,3,1,Gas Stations;Automotive,,,,
6VPVMbIcKe9E_voDuRtWcg,"""Holiday Hound House""",,"""3415 S 157th St""",Gilbert,AZ,85297,33.2881831,-111.7442203,3.5,6,1,Pet Services;Pet Training;Pets;Pet Sitting,,,,
veQpiduzq83yYc0jQzCIPQ,"""Desert Fitness""",,"""4658 S Higley Rd, Ste 101""",Gilbert,AZ,85297,33.266185,-111.722369,3.5,22,1,Gyms;Active Life;Sports Clubs;Beauty & Spas;Tanning;Fitness & Instruction,,,,
ZLhUJiLCk4WtHRzXS-nF0A,"""Nordstrom Rack""",,"""2620 W Chandler Blvd""",Chandler,AZ,85224,33.3076851,-111.8869727,3.5,50,1,Shopping;Department Stores;Shoe Stores;Fashion;Women's Clothing,,,,
jSnvqlfK6e0WtUCj3yM9iw,"""Dr. Clean Tile & Carpet""",,"""2288 E Chapala St""",Gilbert,AZ,85234,33.358894,-111.741219,3.5,3,1,Carpeting;Carpet Cleaning;Home Services;Flooring;Local Services,,,,
86EuzeJeuSsmj6iy6-Xilw,"""Eye Care For Animals""",,"""808 N Hayden Rd""",Scottsdale,AZ,85257,33.4562209,-111.9094856,3.5,3,1,Pets;Veterinarians,,,,
nzhMXOpDdP-I6SyOsuoR2Q,"""Arizona Avenue Animal Clinic""",,"""7 W Knox Rd""",Chandler,AZ,85225,33.3277116,-111.8426266,3.5,42,1,Veterinarians;Pet Sitting;Pets;Pet Services;Pet Groomers,,,,
5UrU716-2DF6Z5wEhIHG4A,"""A-E Advant-Edge""",,"""9715 W Peoria Ave""",Peoria,AZ,85345,33.57997,-112.268863,3.5,8,1,Home Services;Landscaping,,,,
MldtbULi0uqWxduSyE663w,"""XL California Burger Company""",,"""3653 W Van Buren St""",Phoenix,AZ,85009,33.4510006,-112.1384358,3.5,15,1,Breakfast & Brunch;Burgers;Restaurants;Fast Food;American (Traditional),,,,
ixMn9-aySOJwZewSTft43w,"""Savers""",,"""5542 E Thomas Rd""",Phoenix,AZ,85018,33.4804507,-111.9614488,3.5,8,0,Shopping;Thrift Stores,,,,
4j0WfdS_lHG9uSH7cd1PFg,"""Chronic Tacos""",,"""245 E Bell Rd, Ste A-2""",Phoenix,AZ,85022,33.63981916,-112.0722013,3.5,158,1,Tacos;Breakfast & Brunch;Mexican;Salad;Restaurants,,,,
Ci2eT3RPuX2hGkBBJn40yw,"""The Orchard""",,"""244 North Country Club Dr""",Mesa,AZ,85201,33.4199328,-111.8403649,3.5,22,1,Computers;Shopping;Electronics,,,,
-1UMR00eXtwaeh59pEiDjA,"""Matt's Big Breakfast""",,"""3800 E Sky Harbor Blvd, Terminal 4, Gate B5""",Phoenix,AZ,85034,33.43693399,-111.9966364,3.5,325,1,Food;Breakfast & Brunch;Sandwiches;Bars;Cocktail Bars;Nightlife;Restaurants,,,,
e4r558juJCsIuSNJbCpysQ,"""Horizon Eye Specialists & Lasik Center""",,"""18325 N Allied Way, Ste 100""",Phoenix,AZ,85054,33.67117562,-111.9402123,3.5,39,1,Laser Eye Surgery/Lasik;Doctors;Ophthalmologists;Optometrists;Health & Medical,,,,
q2NH7poyRbXezeGcIfomtQ,"""Discount Auto Sales""",,"""2640 W Adams St""",Phoenix,AZ,85009,33.4493411,-112.1172645,3.5,8,1,Car Brokers;Automotive;Car Dealers;Auto Parts & Supplies,,,,
Nc7-nyG_RzXrEqBuxihcgQ,"""BJ's Restaurant & Brewhouse""",,"""3155 W Chandler Blvd""",Chandler,AZ,85226,33.299271,-111.898257,3.5,321,1,Breweries;American (New);Restaurants;Pizza;Food,,,,
6yB3tPEdlIcfXT8k_I2UFw,"""Coffee, Tea & Me""",,"""9784 W Northern Ave, Ste 1235""",Peoria,AZ,85345,33.5514914,-112.2701358,3.5,17,0,Coffee & Tea;Food,,,,
g-I48SaHtdIGR5ZEoVeNFw,"""Sushi Ken""",,"""4206 E Chandler Blvd""",Phoenix,AZ,85073,33.305739,-111.992238,3.5,324,1,Japanese;Seafood;Sushi Bars;Restaurants,,,,
7XWlQ99OQHgXhKMEszeGUg,"""Hobby Lobby""",,"""4643 E Cactus Rd""",Phoenix,AZ,85032,33.5976421,-111.9828617,3.5,46,1,Shopping;Art Supplies;Wedding Planning;Home & Garden;Hobby Shops;Home Decor;Event Planning & Services;Arts & Crafts,,,,
8tPZJ5XSBb2jTcxsytpCyw,"""Pita Paradise""",,"""21001 N Tatum Blvd, Ste 36-1170""",Phoenix,AZ,85073,33.4499,-112.0739,3.5,9,0,Restaurants;Greek,,,,
gAgSbqkEJnj9cvIBrRtX_A,"""Desert Living General Contractors""",,"""23233 N Pima Rd""",Scottsdale,AZ,85255,33.6966502,-111.8892545,3.5,3,1,Home Services;Contractors;Handyman;Painters,,,,
NYVLwepYWdyJaY7WzkDcfg,"""Famous Nails""",,"""1035 N Ellsworth Rd, Ste 106""",Mesa,AZ,85207,33.4349032,-111.6312778,3.5,15,1,Nail Salons;Beauty & Spas,,,,
8PxFZpufeUmRHpJIOhLPdw,"""NextCare Urgent Care""",,"""6343 S Higley Rd""",Gilbert,AZ,85298,33.234988,-111.719795,3.5,5,1,Urgent Care;Medical Centers;Health & Medical;Doctors,,,,
nlU0Gp7KCN2hjIzcTdWy0w,"""Golden Bowl Chinese Food""",,"""3208 E Cactus Rd""",Phoenix,AZ,85032,33.5974201,-112.0123844,3.5,10,0,Restaurants;Chinese,,,,
0fq5tnKGWSCn7T5WOlbchQ,"""QuikTrip""",,"""9010 N 19th Ave""",Phoenix,AZ,85021,33.5682243,-112.1001401,3.5,3,1,Automotive;Gas Stations;Convenience Stores;Food,,,,
-41zMmydtXSNEiHKL5a4vQ,"""Arizona Pools and Landscape""",,"""515 E Carefree Hwy""",Phoenix,AZ,85085,33.4483771,-112.0740373,3.5,4,1,Pool Cleaners;Active Life;Landscaping;Contractors;Pool & Hot Tub Service;Home Services;Swimming Pools;Professional Services,,,,
lmfgaDVLUeLV5bVXadrlBA,"""Diamond Jim's""",,"""10001 W Bell Rd, Ste 127""",Sun City,AZ,85351,33.637239,-112.275823,3.5,5,1,Jewelry Repair;Watches;Jewelry;Shopping;Local Services,,,,
Jun1daO6ZIaAz_Y4_7xZBQ,"""Southeast Valley Gastroenterology""",,"""875 S Dobson Rd, Ste 1""",Chandler,AZ,85224,33.2929337,-111.8746365,3.5,36,1,Doctors;Gastroenterologist;Health & Medical,,,,
2HlL6EtFN74vXGUhoxri6w,"""Comfort Suites Phoenix Airport""",,"""1625 S 52nd St""",Tempe,AZ,85281,33.41030319,-111.9690431,3.5,28,1,Event Planning & Services;Hotels & Travel;Hotels,,,,
T2XdzAcj0M_kBD9_BHfZlw,"""Let It Roll Bowl & Entertainment""",,"""8925 N 12th St""",Phoenix,AZ,85020,33.5668872,-112.0557173,3.5,96,1,Venues & Event Spaces;Arts & Entertainment;Bowling;Arcades;Active Life;Event Planning & Services,,,,
h2hJyBYCIXU2_om6LYHWHA,"""Cold Beers & Cheeseburgers""",,"""20831 N Scottsdale Rd, Ste 117""",Scottsdale,AZ,85255,33.67632744,-111.9232929,3.5,323,0,Nightlife;Bars;American (Traditional);Chicken Wings;Burgers;Restaurants,,,,
QDgI8x6aJvQchHrSx73jbw,"""Laveen Modern Dentistry and Orthodontics""",,"""5045 W Baseline Rd, Ste 135""",Laveen,AZ,85339,33.375895,-112.16719,3.5,12,1,Periodontists;Dentists;Cosmetic Dentists;General Dentistry;Orthodontists;Health & Medical;Oral Surgeons,,,,
gHDlF6Dc-4EmxdsBsinygg,"""Sabatinos Pizza Pasta Wings""",,"""4860 N Litchfield Rd, Ste 104""",Litchfield Park,AZ,85340,33.50689,-112.358641,3.5,4,0,Restaurants;Pizza;Chicken Wings;Italian,,,,
D10RCDMR8ZVRzdP0NRp-5w,"""Fantastic Sams Hair Salons""",,"""6501 E Greenway Pkwy, 16231""",Scottsdale,AZ,85254,33.6249626,-111.9418897,3.5,7,0,Hair Salons;Barbers;Beauty & Spas,,,,
T7WOA5npOt2XlPxVCTLFhQ,"""Healthy Outlook Family Medicine, PC""",,"""1835 W Missouri Ave""",Phoenix,AZ,85015,33.5166461,-112.0989843,3.5,41,1,Family Practice;Pediatricians;Doctors;Health & Medical,,,,
DdDLDsUwYjUYFxfxJogJ2Q,"""The Met at Fashion Center""",,"""1 N Hearthstone Way""",Chandler,AZ,85226,33.3033939,-111.9052379,3.5,18,0,Apartments;Interior Design;Real Estate;Home Services;Property Management,,,,
y5yy--FAcdaExqPhNOQF8g,"""Pet Club Ahwatukee""",,"""4206 E Chandler Blvd, Ste 100""",Phoenix,AZ,85048,33.3059129,-111.9922702,3.5,10,1,Pet Stores;Pet Services;Pets;Pet Groomers;Pet Adoption;Pet Training,,,,
A0FyX8Gr9-ag41CMmbcJ6Q,"""Pandora""",,"""15279 N Scottsdale Rd""",Scottsdale,AZ,85260,33.6251533,-111.9252426,3.5,6,1,Shopping;Jewelry,,,,
ZfMUFpWaC-DHksEeJSYnAw,"""Pietra Apartments""",,"""19635 N Cave Creek Rd""",Phoenix,AZ,85024,33.6651142,-112.030122,3.5,17,0,Real Estate;Home Services;Apartments,,,,
QvPVMo71O1yq14Ndv3pHjg,"""DD Landscaping""",,"""""",El Mirage,AZ,85335,33.5994927,-112.3218553,3.5,3,1,Home Services;Landscaping;Professional Services,,,,
mleK-8Oiwl2RwrUYBMV_Fg,"""Caniglia Facial Plastic Surgery""",,"""7102 E Acoma Dr""",Scottsdale,AZ,85254,33.6185479,-111.928713,3.5,13,1,Cosmetic Surgeons;Medical Spas;Doctors;Plastic Surgeons;Dermatologists;Health & Medical;Beauty & Spas,,,,
iWScmpipq65WElq9za9RLg,"""Central Grille""",,"""8525 N Central Ave""",Phoenix,AZ,85020,33.5612361,-112.0737398,3.5,11,0,Bars;Steakhouses;Nightlife;Seafood;Restaurants,,,,
NWlNMG_eBIvDjCcHK46eDQ,"""The Haymaker Restaurant""",,"""4717 E Bell Rd""",Phoenix,AZ,85032,33.640232,-111.979545,3.5,247,0,Beer;Wine & Spirits;Nightlife;Sports Bars;Bars;Restaurants;Steakhouses;Pubs;Food;Breakfast & Brunch;American (Traditional),,,,
YtYw5kzJfmfYtFsxh-inxA,"""Apartments Resurfacing""",,"""""",Phoenix,AZ,85003,33.449188,-112.0772,3.5,3,1,Contractors;Home Services,,,,
TiwVfg3pVPuqZhWp_-ozKg,"""Monster Comic Books""",,"""1803 E Rio Salado Pkwy""",Tempe,AZ,85281,33.42878924,-111.9081401,3.5,3,1,Hobby Shops;Comic Books;Shopping;Newspapers & Magazines;Toy Stores;Books;Mags;Music & Video,,,,
WK6QhTW1gIe4Wkj3NfhEjA,"""Tempe Abrasives""",,"""2207 S 48th St""",Tempe,AZ,85282,33.421948,-111.939932,3.5,3,1,Building Supplies;Contractors;Home Services,,,,
VYyRZkYfULBXYKyIn-meng,"""GameStop""",,"""5000 Arizona Mills Cir""",Tempe,AZ,85282,33.382838,-111.965098,3.5,3,1,Videos & Video Game Rental;Shopping;Books;Mags;Music & Video;Electronics;Hobby Shops,,,,
nXwYKL7dRAjMumg0oTaA9w,"""O'reilly Auto Parts""",,"""18635 N 35th Ave""",Phoenix,AZ,85027,33.65544687,-112.1339812,3.5,6,1,Auto Parts & Supplies;Automotive,,,,
vJvEKFtQ8Am95tWEkiwOGA,"""King's Fish House - Tempe""",,"""35 S McClintock Dr""",Tempe,AZ,85281,33.43245023,-111.9060468,3.5,302,1,Seafood;Restaurants,,,,
NPKJy_iypTnoOBisUXb6RQ,"""Eddie Bauer""",,"""7014 E Camelback Rd""",Scottsdale,AZ,85251,33.5028371,-111.9294198,3.5,3,0,Men's Clothing;Shopping;Women's Clothing;Fashion,,,,
X3W-ddwbnZ2uAyYOxcYu3A,"""The Westin Kierland Resort & Spa""",,"""6902 East Greenway Pkwy""",Scottsdale,AZ,85254,33.6242611,-111.9312144,3.5,334,1,Event Planning & Services;Hotels;Hotels & Travel,,,,
ETFcRSxfXTPXRL2IQIqhNQ,"""Hampton Inn Phoenix/Chandler""",,"""7333 W Detroit St""",Chandler,AZ,85226,33.306592,-111.968364,3.5,25,1,Event Planning & Services;Hotels & Travel;Hotels;Venues & Event Spaces,,,,
CsdDwluwDz6NpiSx3QfToA,"""Papa Murphy's""",,"""5150 West Olive Avenue""",Glendale,AZ,85302,33.5675177,-112.1703705,3.5,8,1,Pizza;Restaurants;Food,,,,
pNnHgna1cCjUEZyXRUc6oA,"""Woodcase Fine Cabinetry""",,"""3255 W Osborn Rd""",Phoenix,AZ,85017,33.4876353,-112.1296944,3.5,3,1,Cabinetry;Home Services,,,,
-6h3K1hj0d4DRcZNUtHDuw,"""Brio Tuscan Grille""",,"""15301 N Scottsdale Rd""",Scottsdale,AZ,85254,33.62540929,-111.9251276,3.5,449,1,Event Planning & Services;Breakfast & Brunch;Italian;Nightlife;Pizza;Cocktail Bars;Venues & Event Spaces;Wine Bars;Seafood;Bars;Restaurants,,,,
y9hgPwF68tpWEp6onX-3TQ,"""Desert Eagle Brewing Company""",,"""150 W Main St""",Mesa,AZ,85201,33.4154446,-111.8359098,3.5,121,1,Food;Breweries,,,,
wuIptKfkWh1omiOJUy2DSA,"""Tractor Supply Company""",,"""34350 N Cave Creek Rd, Bldg A""",Cave Creek,AZ,85331,33.7973695,-111.9649301,3.5,3,1,Automotive;Auto Parts & Supplies,,,,
neNjY8QuoaadubAjLwtWEA,"""Avenue Business Center""",,"""6619 N Scottsdale Rd""",Scottsdale,AZ,85250,33.5329285,-111.9239221,3.5,3,1,Property Management;Real Estate Services;Real Estate;Home Services,,,,
yxmFxvl3OoP5KGVds2ugPQ,"""Stradivari House Of Phoenix""",,"""2440 W Mission Ln, Ste 9""",Phoenix,AZ,85021,33.56955846,-112.1097305,3.5,3,1,Damage Restoration;Arts & Entertainment;Music Venues;Nightlife;Shopping;Musical Instruments & Teachers;Home Services,,,,
gIno_cXhvn6Om14D0I2vHg,"""Carlos O'Briens""",,"""7111 E Bell Rd""",Scottsdale,AZ,85254,33.6381286,-111.9273493,3.5,96,0,Mexican;Restaurants,,,,
CQQ1Ts26XqaDaF9SmRoUCw,"""Scottsdale Veterinary Clinic""",,"""7311 E Thomas R""",Scottsdale,AZ,85251,33.4803447,-111.9242937,3.5,199,1,Emergency Pet Hospital;Pet Services;Pets;Veterinarians;Pet Sitting,,,,
7l34lZLJOrdBYK9dwjQC4Q,"""Denim and Diamonds""",,"""7336 E Main, Ste 106""",Mesa,AZ,85207,33.4164812,-111.6731893,3.5,76,1,Dance Clubs;Arts & Entertainment;Nightlife;Music Venues;Bars;Lounges,,,,
gS83hId8fXP3rzcGcWbvhg,"""Cut -N- Color By Classy""",,"""1450 N Dysart Rd, Ste A12""",Avondale,AZ,85323,33.449235,-112.342441,3.5,10,1,Hair Salons;Beauty & Spas;Nail Salons,,,,
DGKPLLzYYzbUAUhjbYDRtQ,"""Sunrise Preschools""",,"""7642 W Cactus Rd""",Peoria,AZ,85381,33.5962457,-112.2238745,3.5,3,1,Local Services;Education;Preschools;Child Care & Day Care,,,,
wo977RPVgFzYLh93jbVQOg,"""International Minute Press""",,"""9299 Olive Ave, Ste 401""",Phoenix,AZ,85435,33.565166,-112.258469,3.5,3,1,Local Services;Printing Services;Graphic Design;Web Design;Mass Media;Marketing;Professional Services,,,,
57Ot-sRTzL925ipv-5SzTg,"""Amsterdam""",,"""718 N Central Ave""",Phoenix,AZ,85004,33.456168,-112.073936,3.5,95,0,Gay Bars;Bars;Nightlife,,,,
KLqtbjmSTy3bF98zjvRg8A,"""El Jardinero Landscaping and Pools""",,"""10115 E Bell St 107, Ste 403""",Scottsdale,AZ,85255,33.639964,-111.8604349,3.5,3,1,Home Services;Landscaping,,,,
i5a1YNDw34F7ha7VPuu1tQ,"""Adam Nails & Spa""",,"""914 E Camelback Rd, Ste 7""",Phoenix,AZ,85014,33.50953367,-112.0610866,3.5,3,0,Hair Removal;Waxing;Beauty & Spas;Nail Salons,,,,
QVYyTgJFz7lcMv31ZmghGg,"""Big 5 Sporting Goods""",,"""4623 E Cactus Rd""",Phoenix,AZ,85032,33.5988724,-111.9813028,3.5,7,1,Sporting Goods;Shopping,,,,
J0rx5BsejdRTXU8UB-MJSA,"""Cafe Roma""",,"""Arizona Ctr Mall, 455 N 3rd St""",Phoenix,AZ,85004,33.4526031,-112.0691194,3,39,0,Pizza;Italian;Restaurants,,,,
M3_Qpy8gSH9P7pDb34DhkQ,"""Fossil Outlet""",,"""4976 Willis Road, Ste 740, Phoenix Premium""",Phoenix,AZ,85226,33.28819733,-111.9730847,3,4,1,Fashion;Accessories;Watches;Outlet Stores;Shopping;Leather Goods,,,,
T1Eh-A_2HVUw9lvRpsplAw,"""Jos. A. Bank""",,"""1652 S Val Vista Dr, Ste 103""",Mesa,AZ,85204,33.38532432,-111.754942,3,7,1,Men's Clothing;Plus Size Fashion;Shopping;Formal Wear;Fashion,,,,
tI7dXg2UboJozj28v7sjLw,"""Culvers""",,"""20835 N Cave Creek Rd""",Phoenix,AZ,85050,33.6764297,-112.030424,3,63,1,Burgers;Ice Cream & Frozen Yogurt;Restaurants;Fast Food;Food,,,,
WVSCDEcnoSo2ruCeXCaN3A,"""FastMed Urgent Care""",,"""2860 W Peoria Ave""",Phoenix,AZ,85029,33.5825501,-112.1217264,3,19,1,Health & Medical;Medical Centers;Urgent Care;Doctors,,,,
3hfDrgklIwVk6Ad9F_Sksw,"""7-Eleven""",,"""12033 N 28th Dr""",Phoenix,AZ,85029,33.5961418,-112.1197343,3,3,1,Grocery;Food;Convenience Stores,,,,
Dp-i-Ai8Ue8hjyVRmYrprw,"""Burger King""",,"""2708 E University Dr""",Mesa,AZ,85213,33.4229636,-111.772844,3,10,1,Burgers;Fast Food;Restaurants,,,,
h4p1gFbsMMO3dw1eV6V76Q,"""Porter Roofing""",,"""3738 W Commonwealth Ave""",Chandler,AZ,85226,33.3030538,-111.9069668,3,28,1,Home Services;Roofing,,,,
U1DbgcYqCv2bQ-93J4ATLg,"""The Wigwam Bar""",,"""300 E Wigwam Blvd""",Litchfield Park,AZ,85340,33.49538512,-112.3555744,3,21,1,Cocktail Bars;Bars;Lounges;Nightlife,,,,
JGLmOzeAiHzydz3eLo37yg,"""Cornerstone Cards & Gifts""",,"""3923 E Indian School Rd""",Phoenix,AZ,85018,33.4943072,-111.9965593,3,6,0,Public Services & Government;Post Offices;Shopping;Gift Shops;Flowers & Gifts,,,,
U2W3kugm4UV0zsDPsSqQmQ,"""Walgreens""",,"""1130 W Southern Ave""",Mesa,AZ,85210,33.3934974,-111.8557292,3,7,1,Shopping;Drugstores;Food;Beauty & Spas;Convenience Stores;Cosmetics & Beauty Supply,,,,
vYz5pcA2ivh6PoLJtE9KJw,"""Bill Johnson's Big Apple Restaurants""",,"""2906 W Fairmount Ave""",Phoenix,AZ,85017,33.4938552,-112.1217764,3,4,0,Steakhouses;Restaurants;Barbeque,,,,
DBEGPVWTlI2Pyq0u_3e-bw,"""Java Boba""",,"""9784 W Northern Ave, Ste 1235""",Peoria,AZ,85345,33.5532071,-112.2698954,3,35,1,Food;Desserts;Coffee & Tea;Juice Bars & Smoothies,,,,
dCa2dBDtuVVnyitJzQmXtg,"""Little Caesars Pizza""",,"""347 E Southern Ave, Ste 106""",Mesa,AZ,85210,33.3919982,-111.8238823,3,9,1,Restaurants;Pizza,,,,
lc638f5kBdOq9yAMyoURWg,"""Right Honda""",,"""7875 E Frank Lloyd Wright Blvd""",Scottsdale,AZ,85260,33.6340682,-111.9111637,3,219,1,Auto Repair;Oil Change Stations;Car Dealers;Automotive,,,,
wrhPNdPh0FfSv3DMS0obhw,"""OdySea Aquarium""",,"""9500 E Via De Ventura, Ste A-100""",Scottsdale,AZ,85256,33.554555,-111.8760438,3,499,1,Kids Activities;Amusement Parks;Active Life;Aquariums;Event Planning & Services;Venues & Event Spaces;Arts & Entertainment,,,,
A9Gxecux8CSVPzdXN4HjIg,"""Eyemasters""",,"""7700 Arrowhead Towne Ctr, Ste 2151""",Glendale,AZ,85308,33.6415373,-112.2264227,3,3,0,Shopping;Optometrists;Health & Medical;Eyewear & Opticians,,,,
s6KEoNC-rR79704_1ObFuw,"""Firehouse Subs""",,"""34317 N Cave Creek Rd, Ste 101""",Cave Creek,AZ,85331,33.7955732,-111.9658905,3,37,1,Restaurants;Sandwiches;Fast Food;Delis,,,,
feXGiTNCxlrpvMayZ7o09A,"""Truly Nolen Pest & Termite Control""",,"""150 W Elliot Rd, Ste 9""",Chandler,AZ,85225,33.3502089,-111.8443872,3,15,1,Pest Control;Local Services,,,,
CEuIS35iAlIDsx4uVRohXA,"""The Shout House""",,"""6770 N Sunrise Blvd, Ste 207""",Glendale,AZ,85305,33.53286287,-112.2607719,3,120,0,Restaurants;Piano Bars;Nightlife;Bars;Pizza;Music Venues;Arts & Entertainment,,,,
tM_MMrMFwf5rJv9rbu4NQQ,"""Pete's Fish & Chips""",,"""22 S Mesa Dr""",Mesa,AZ,85210,33.414436,-111.8233017,3,138,1,Restaurants;Seafood;Fish & Chips,,,,
i52L-d3MHp-YUbSC6n0rGA,"""Alan S Plumbing""",,"""519 W Lone Cactus""",Phoenix,AZ,85027,33.680405,-112.081124,3,51,1,Home Services;Plumbing,,,,
zLcAMGby3v9bafpKGh4ZjQ,"""Rent-A-Center""",,"""420 E Bell Rd, Ste 11""",Phoenix,AZ,85022,33.6417151,-112.0677484,3,5,1,Na,,,,
WsnxtawsIJbNL4wD1oWiAA,"""Optical Expressions""",,"""2425 E Camelback Rd, Ste 106""",Phoenix,AZ,85016,33.508559,-112.0276524,3,19,1,Laser Eye Surgery/Lasik;Eyewear & Opticians;Health & Medical;Optometrists;Shopping,,,,
aOeDCuxcg9DstXtXC7RW5g,"""Avella Specialty Pharmacy""",,"""2155 East Conference Drive, Suite 101""",Tempe,AZ,85284,33.3425639,-111.8952667,3,7,0,Shopping;Drugstores,,,,
Sb17eJkjHLjcPKSbpmRxWQ,"""Buffalo Wild Wings""",,"""6560 E Superstition Springs Blvd""",Mesa,AZ,85206,33.385725,-111.690858,3,111,1,Nightlife;Restaurants;Chicken Wings;Sports Bars;Bars;American (Traditional),,,,
QJNi_JlVlx6idOoC3yn9tA,"""Ridenow PowerSports Phoenix""",,"""17202 N Cave Creek Rd""",Phoenix,AZ,85032,33.6425029,-112.0314489,3,32,1,Motorcycle Repair;Automotive;Motorcycle Dealers;Motorcycle Gear;Shopping,,,,
7Lzu1GWwSx0OcFQPOeXyuw,"""All In Fitness and Wellness""",,"""1495 S Higley Rd""",Gilbert,AZ,85296,33.3229738,-111.7196651,3,8,0,Trainers;Fitness & Instruction;Gyms;Active Life;Martial Arts,,,,
hBilPpw8kU0Q0MokOjOw3w,"""Asiana Market""",,"""4410 W Union Hills Dr""",Glendale,AZ,85308,33.6553479,-112.1534278,3,90,1,Food;Health Markets;Grocery;Specialty Food;Imported Food;Ethnic Food,,,,
Euu79b2o5k5RZReIuThBWg,"""Fogon - A Mexican Eatery""",,"""7001 N Scottsdale Rd""",Scottsdale,AZ,85253,33.5393489,-111.9239084,3,65,0,Mexican;Specialty Food;Food;Restaurants;Ethnic Food,,,,
KIrNrwAb15RH_L9xItcA3g,"""Dairy Queen Orange Julius""",,"""2611 W Carefree Hwy""",Phoenix,AZ,85085,33.79740635,-112.1175421,3,6,1,Ice Cream & Frozen Yogurt;Juice Bars & Smoothies;Food,,,,
FPM1dWuvGm2xDHM90hc7Dg,"""GoTronics""",,"""7014 E Camelback Rd""",Scottsdale,AZ,85251,33.5025941,-111.9296765,3,11,0,IT Services & Computer Repair;Local Services;Appliances & Repair,,,,
woQ9oOrvtLiC361bTSp5ww,"""Liberty Home Products""",,"""5621 S 24th St""",Phoenix,AZ,85040,33.3962519,-112.029464,3,16,1,Shades & Blinds;Home Services,,,,
gJYovor1sWf14WejHmJU1A,"""Deegie's Carma""",,"""15279 N Scottsdale Rd""",Scottsdale,AZ,85260,33.6251384,-111.9250468,3,17,1,Women's Clothing;Beauty & Spas;Shopping;Hair Salons;Fashion,,,,
C9mrAke0xSBuglYJOK55Ag,"""City of Phoenix""",,"""""",Phoenix,AZ,,33.4483771,-112.0740373,3,30,1,Public Services & Government;Local Flavor,,,,
uS-WyE2kUsZYWz68kMPSig,"""Southwest Contemporary Women's Care""",,"""6301 S Mcclintock Dr, Ste 215""",Tempe,AZ,85283,33.3647449,-111.910749,3,31,1,Health & Medical;Obstetricians & Gynecologists;Doctors,,,,
08jURVR_eDvXq9scdIgcmg,"""Sherwin-Williams Paint Store""",,"""8710 E Shea Blvd""",Scottsdale,AZ,85260,33.582102,-111.893705,3,4,1,Hardware Stores;Home Decor;Building Supplies;Shopping;Paint Stores;Home Services;Home & Garden,,,,
xKKCPtcEEn8LK5j0WXLyyg,"""Phoenix Pediatrics""",,"""4735 E Union Hills Dr""",Phoenix,AZ,85050,33.6546883,-111.978814,3,19,1,Health & Medical;Doctors,,,,
4pUsOe7T7FHFRPhKAa-M0Q,"""Lantana Grille""",,"""Squaw Peak, 7677 N 16th St""",Phoenix,AZ,85020,33.5478106,-112.0467571,3,8,0,Hotels & Travel;Hotels;American (Traditional);Restaurants;Event Planning & Services,,,,
sLa4_i63uBy05DJNbaOPgw,"""Wally Burger""",,"""10222 N 43rd Ave""",Glendale,AZ,85302,33.5791438,-112.1527328,3,40,1,Burgers;Restaurants;Fast Food,,,,
togzltbV52oGR-a0jddqZw,"""AZ Tip and Toes Nails""",,"""1526 N Scottsdale Rd""",Tempe,AZ,85281,33.4464722,-111.9269974,3,157,1,Beauty & Spas;Nail Salons;Eyelash Service,,,,
iL5Ah9mAKXiZpkwYc5GNWA,"""Arizona Grout Restoration""",,"""""",Phoenix,AZ,85051,33.5651587,-112.1370601,3,13,1,Home Services;Carpet Cleaning;Refinishing Services;Local Services;Flooring;Contractors;Grout Services,,,,
xvyAPT23-o3hsjf71895RA,"""Purcell Tire & Rubber Company""",,"""3810 E Ray Rd""",Phoenix,AZ,85044,33.3165814,-112.0031677,3,16,1,Automotive;Oil Change Stations;Tires;Auto Repair,,,,
O7ZvoH_ONGNKbXvHDSZlwg,"""Mariscos El Tiburn""",,"""3330 N 19th Ave""",Phoenix,AZ,85015,33.48711049,-112.1004414,3,8,1,Seafood;Mexican;Restaurants;Nightlife;Bars;Sushi Bars;Karaoke,,,,
J1gvlBxU7_YqgYDHTQIgbA,"""McDonald's""",,"""625 E Baseline Rd""",Tempe,AZ,85283,33.3777862,-111.9314069,3,12,1,Fast Food;Restaurants;Burgers;Food,,,,
TnaqLNkD9oXYkzrPk6Jd6w,"""Cigna Medical Group""",,"""1717 W Chandler Blvd""",Chandler,AZ,85224,33.30551,-111.871202,3,4,1,Insurance;Health & Medical;Financial Services;Doctors,,,,
wMqAVFJc0h9bJzRWmKAYBw,"""East Valley Diagnostic Imaging""",,"""1201 S Alma School Rd, Ste 14000""",Mesa,AZ,85210,33.3929687,-111.8086121,3,5,1,Medical Centers;Health & Medical;Diagnostic Imaging;Diagnostic Services,,,,
6YM6QTJFHP5ae1ojZsTm8Q,"""Nike Brand""",,"""15147 N Scottsdale Rd, Ste 180""",Scottsdale,AZ,85254,33.62755318,-111.9236256,3,38,1,Shoe Stores;Sports Wear;Sporting Goods;Shopping;Fashion,,,,
OYxzmfSSN6Vv2-qomtDPNw,"""Del Taco""",,"""7665 W Lower Buckeye Rd""",Phoenix,AZ,85043,33.4225124,-112.2250202,3,6,1,Restaurants;Mexican,,,,
2ZFg3dKc_EHcUPgYrl5iRg,"""Fry's Food and Drug""",,"""14845 E Shea Blvd""",Fountain Hills,AZ,85268,33.578963,-111.7604143,3,13,1,Food;Grocery,,,,
5Gk8xM6SqEeoNqGYSJXJrA,"""Qv Nails and Spa""",,"""4902 S Val Vista Dr, Ste 103""",Gilbert,AZ,85298,33.2610094,-111.7567493,3,16,1,Nail Salons;Hair Removal;Beauty & Spas;Waxing,,,,
JGpvrgMuQ1RT2vOEPABj5g,"""Fidelity Investments""",,"""7001 W Ray Rd""",Chandler,AZ,85226,33.3193759,-111.9636542,3,5,1,Financial Advising;Financial Services;Investing,,,,
S4cbb8-re2t9GF8GloVXnQ,"""Food City""",,"""1342 E Main St""",Mesa,AZ,85203,33.4161409,-111.8019054,3,4,1,Food;Grocery,,,,
1Tj0HSSnPgHOj1alfcoXlQ,"""Starbucks""",,"""4340 E Indian School Rd, Ste 3""",Phoenix,AZ,85073,33.4954826,-111.9883722,3,18,1,Coffee & Tea;Food,,,,
7wAJhesmhV-FdbmaFA6KIg,"""104.7 KISS FM""",,"""4686 E Van Buren St, Ste 300""",Phoenix,AZ,85008,33.4528615,-111.9847431,3,8,1,Mass Media;Radio Stations,,,,
Gv2F-f0mUYhCCUKOshpj3A,"""Original Cuisine""",,"""1853 W Broadway Rd""",Mesa,AZ,85202,33.4071605,-111.8716742,3,33,1,Restaurants;Chinese;Szechuan,,,,
fbU7gHEG5A-cFxH33ouQ4A,"""Mia Francesca""",,"""20825 N Pima Rd""",Scottsdale,AZ,85255,33.6722463,-111.890491,3,29,0,Italian;Restaurants,,,,
Co3AtKUoAv_BxDQqRnZwhQ,"""San Felipe's Cantina""",,"""20825 N Pima Rd""",Scottsdale,AZ,85255,33.6722462,-111.8905084,3,10,0,Restaurants;Bars;Nightlife;Mexican,,,,
Uk3wiyn8SaGR13rE-S4pkg,"""Meh Pool Services""",,"""26 W Lone Cactus Dr""",Phoenix,AZ,85027,33.6812077,-112.0755559,3,6,1,Pool Cleaners;Home Services,,,,
kFpc_qwM3Mj-p6EZf-_goQ,"""12 West Main""",,"""12 W Main St""",Mesa,AZ,85201,33.4153357,-111.8319834,3,15,1,Nightlife;Dance Clubs;Venues & Event Spaces;Event Planning & Services,,,,
6NTKhWwP-mjR5IHJKzGq2w,"""Arby's""",,"""13607 W Camino Del Sol""",Sun City West,AZ,85375,33.654245,-112.3549571,3,8,1,Fast Food;Restaurants;American (Traditional);Sandwiches,,,,
-34vSRcMz_RjN00dWIiQ3Q,"""Subway""",,"""5026 W Cactus Rd, Ste 2""",Glendale,AZ,85304,33.5963423,-112.1665715,3,14,1,Restaurants;Fast Food;Sandwiches,,,,
JMVfq8IZwAV7-INukKp-OA,"""Billet Bar""",,"""3752 N Scottsdale Rd""",Scottsdale,AZ,85251,33.4916585,-111.9261808,3,8,0,Nightlife;Bars,,,,
Pky5e7XSvv2tpo8IJ24LfQ,"""Glass Doctor of Phoenix""",,"""""",Tempe,AZ,85281,33.4366655,-111.9403254,3,7,0,Windshield Installation & Repair;Home Services;Automotive;Auto Glass Services;Windows Installation;Glass & Mirrors,,,,
W7BiJB9c2e_qz-fQLR_yMw,"""Waterworld Safari Water Park""",,"""4243 W Pinnacle Peak Rd""",Glendale,AZ,85310,33.6956277,-112.15066,3,4,0,Amusement Parks;Active Life,,,,
q6SL7YknRqNP9YZISNeA_Q,"""Justa Center""",,"""1001 W Jefferson St""",Phoenix,AZ,85007,33.4467625,-112.0861369,3,4,1,Local Services;Community Service/Non-Profit,,,,
dEPMxA5hLVzQK_SXYl4Sag,"""Chase Bank""",,"""15481 W Cactus Rd""",Surprise,AZ,85379,33.594615,-112.393157,3,3,1,Financial Services;Banks & Credit Unions,,,,
f5UraqUh4mRlBkykq3Dj0A,"""United Steaks of Cheese""",,"""""",Phoenix,AZ,85007,33.4462721,-112.0893682,3,6,0,Food Trucks;Food;Restaurants;Cheesesteaks,,,,
W7TAYwTfqLrU0DWsQ1x-Bg,"""Sienna Condominiums""",,"""7575 E Indian Bend Rd""",Scottsdale,AZ,85250,33.536489,-111.918322,3,6,1,Condominiums;Apartments;Real Estate;Home Services,,,,
93E1eOQ2bQG0OyIMqdcTvg,"""Whataburger""",,"""9990 N 90th St""",Scottsdale,AZ,85258,33.5770896,-111.8862998,3,44,1,Burgers;Restaurants;American (Traditional);Fast Food,,,,
n812L7Mz4104bQ5Goo7yQg,"""Vistal Golf Club""",,"""701 E Thunderbird Trl""",Phoenix,AZ,85042,33.3582072,-112.0641947,3,23,0,Active Life;Golf,,,,
ChXQn48ghPaWUls2clsxkw,"""Laveen Tanning""",,"""4920 W Baseline Rd, Ste 111""",Laveen,AZ,85339,33.3775781,-112.1651689,3,10,0,Beauty & Spas;Tanning,,,,
Gn7UJo0Qa-cE0FE9Ei1Z9g,"""Cigna Medical Group""",,"""3003 N 3rd St""",Phoenix,AZ,85012,33.48319089,-112.0682002,3,19,1,Doctors;Urgent Care;Health & Medical,,,,
07WvOLZIitvfvnD6dR50Iw,"""Hungry Howie's Pizza""",,"""14291 W Grand Ave, Ste 115""",Surprise,AZ,85374,33.6527744,-112.370739,3,13,1,Pizza;Chicken Wings;Restaurants;Fast Food,,,,
UFuJDRsQPBJOL29Y64Nmdw,"""Appliance Doctors Inc""",,""", Ste 113-237""",Scottsdale,AZ,85255,33.299871,-111.8414322,3,6,1,Appliances & Repair;Local Services,,,,
PiQB4iJXu0zDjdIFw8XhQQ,"""Drinx""",,"""7330 E Stetson Dr""",Scottsdale,AZ,85251,33.4996841,-111.9230493,3,4,0,Nightlife;Bars,,,,
#REF!,"""Ketzal Mexican Grill""",,"""20910 N Tatum Blvd""",Phoenix,AZ,85050,33.6756727,-111.9791944,3,14,0,Restaurants;Mexican,,,,
k6NrGwcl6ncQ6OFzCJ9pPQ,"""Lee's ATA Martial Arts""",,"""10135 E Via Linda, Ste C-111""",Scottsdale,AZ,85258,33.5734457,-111.8623938,3,4,1,Martial Arts;Karate;Taekwondo;Fitness & Instruction;Active Life,,,,
zJfNwGIlLAzfO23UtttUwA,"""Cox Residential Digital Solutions Store""",,"""16255 N Scottsdale Rd, Ste 2""",Scottsdale,AZ,85254,33.6349503,-111.9210579,3,41,1,Professional Services;Television Service Providers;Internet Service Providers;Home Services,,,,
gErcz2Kqc-7E6b_JuU1VKg,"""Domino's Pizza""",,"""754 S Val Vista Dr, Ste 103""",Gilbert,AZ,85296,33.3370062,-111.7571813,3,29,1,Sandwiches;Restaurants;Food Delivery Services;Chicken Wings;Pizza;Food,,,,
JKqd3UkEjJpOEwtaZcrpKw,"""Russ Lyon Sotheby's International Realty""",,"""7135 E Camelback Rd, Ste 360""",Scottsdale,AZ,85251,33.5018528,-111.9277622,3,9,1,Real Estate Services;Real Estate Agents;Home Services;Real Estate,,,,
rudCMbAXWuT-S1UXvIEk9Q,"""Subway""",,"""5707 W Northern Ave""",Glendale,AZ,85301,33.55142311,-112.1830728,3,6,1,Sandwiches;Restaurants;Fast Food,,,,
DPryhdiXtG_IFpdJwDBxHw,"""La Guadalupana Bakery""",,"""437 S Gilbert Rd, Ste 7""",Mesa,AZ,85204,33.4072906,-111.7877321,3,10,1,Bakeries;Food,,,,
y5cOPGxGivJN0PjmwPnXuw,"""Cheeburger Cheeburger""",,"""4040 S Arizona Ave""",Chandler,AZ,85248,33.2464762,-111.8428373,3,6,0,Burgers;Restaurants,,,,
Js2u3dxCPljGftGqIOsOyg,"""Sonora Quest Laboratories""",,"""20950 N Tatum Blvd, Ste 290""",Phoenix,AZ,85050,33.6762524,-111.9783817,3,6,1,Laboratory Testing;Health & Medical;Diagnostic Services,,,,
CTYj1egmwLklgNULra_dmg,"""Crowne Plaza Phoenix North""",,"""2532 West Peoria Avenue""",Phoenix,AZ,85029,33.582793,-112.114918,3,41,0,Event Planning & Services;Hotels & Travel;Venues & Event Spaces;Hotels,,,,
ku-ciIJQSUxT0Ooos4CGZg,"""Tonsorial Barber Shop""",,"""7650 W Arrowhead Towne Ctr""",Glendale,AZ,85308,33.6411834,-112.2241044,3,5,1,Beauty & Spas;Barbers,,,,
7ajBrbNPsXwT8RzLiYxwxw,"""Value Village Thrift Stores""",,"""5346 W Glendale Ave""",Glendale,AZ,85301,33.5393325,-112.1745468,3,24,1,Shopping;Thrift Stores,,,,
GEqto0Km5KOkgBhYbUCE2g,"""Loyalty Home Services""",,"""""",Phoenix,AZ,85001,33.4499672,-112.0702225,3,13,1,Home Services;Plumbing,,,,
oM0q5LO7m6xu3V5h1KzyYw,"""Contemporary Furniture Liquidator""",,"""4612 N 43rd Ave""",Phoenix,AZ,85031,33.5043011,-112.1523647,3,16,1,Home & Garden;Shopping;Furniture Stores,,,,
cKhtfT5MkU8aQ6_RVhZsRQ,"""Target Stores""",,"""2140 E Baseline Rd""",Phoenix,AZ,85042,33.3795711,-112.0348877,3,25,1,Shopping;Drugstores;Fashion;Department Stores,,,,
qgsjYJkb0Ggk_F0LzzWQkg,"""Lone Mountain Cleaners""",,"""4730 E Lone Mountain Rd""",Cave Creek,AZ,85331,33.7711714,-111.9794568,3,9,1,Dry Cleaning & Laundry;Laundry Services;Local Services,,,,
4JFMf28hzf-Y0RNMg9KWJA,"""Arizona Federal Credit Union""",,"""855 W Baseline Rd""",Tempe,AZ,85283,33.377731,-111.952071,3,12,0,Banks & Credit Unions;Financial Services,,,,
V_3bAj4TJW-9-YWnGsbAlQ,"""Beauty Brands""",,"""105 West Ocotillo Rd""",Chandler,AZ,85248,33.2470859,-111.843067,3,23,1,Shopping;Day Spas;Cosmetics & Beauty Supply;Beauty & Spas;Hair Salons,,,,
XqfVanlsTAl5-SgPOL3ANg,"""Midas""",,"""6902 East Southern""",Mesa,AZ,85208,33.3939875,-111.6824139,3,32,1,Auto Repair;Oil Change Stations;Tires;Automotive,,,,
Y91rR78x4v3SmDagC9fCnw,"""World's Hottest Drivers""",,"""5869 S Kyrene Rd, Ste 11""",Tempe,AZ,85283,33.369527,-111.9450514,3,4,1,Shopping;Golf Equipment;Sporting Goods,,,,
OJueFakE_cknjulFrFbchQ,"""T&S Express Auto""",,"""3741 E Main St, Ste 103""",Mesa,AZ,85205,33.4149293,-111.7503377,3,5,0,Auto Repair;Automotive,,,,
3vtpzQ5nd5sDARVeakEy8g,"""Sprint Store""",,"""7470 W Bell Rd, Ste 200""",Glendale,AZ,85308,33.63997576,-112.2190976,3,47,1,Telecommunications;IT Services & Computer Repair;Mobile Phone Accessories;Electronics;Shopping;Local Services;Mobile Phones,,,,
3_62GWpvJ4syNa7Fjzs49A,"""Residence Inn By Marriott""",,"""8242 N Black Canyon Hwy""",Phoenix,AZ,85051,33.557768,-112.114031,3,57,1,Event Planning & Services;Hotels & Travel;Hotels,,,,
yjgB51-BJTLtilAXS0rwVA,"""Mountain America Credit Union""",,"""4325 E Southern Ave""",Mesa,AZ,85206,33.3932018,-111.7380801,3,9,1,Financial Services;Banks & Credit Unions,,,,
eTkVa-iYgnq2yv6-VblPBw,"""JC Penney Salon""",,"""2180 S Gilbert Rd""",Chandler,AZ,85249,33.2751798,-111.7917359,3,4,1,Hair Stylists;Beauty & Spas;Hair Salons,,,,
