business id,name,neighborhood,address,city,state,postal_code,latitude,longitude,stars,review_count,is_open,categories,,,,
lj0MiK5_fyv9df2twnsI7g,"""Pampered Hair Passionate about Hair""",Anthem,"""2470 Paseo Verde Pkwy""",Henderson,NV,89074,36.0194946,-115.0947223,5,3,1,Hair Salons;Blow Dry/Out Services;Hair Stylists;Beauty & Spas;Hair Extensions,,,,
strJsTvTHqWS18GVJQEHoA,"""Synergy Physical Therapy""",,"""1710 W Horizon Ridge Pkwy, Ste 110""",Henderson,NV,89012,36.0125267,-115.0637507,5,22,1,Weight Loss Centers;Physical Therapy;Health & Medical,,,,
e3rNvRnupvSMu6BABlDUuQ,"""Henderson Pet Resort""",,"""1450 W Horizon Ridge Pkwy, Ste 425""",Henderson,NV,89012,36.02230033,-115.0501843,5,68,1,Pet Groomers;Pet Sitting;Pets;Pet Services;Pet Training,,,,
DAG8irsIf0hMsEgDbrOE_A,"""Layla's Palace""",Eastside,"""3430 E Tropicana Ave""",Las Vegas,NV,89121,36.1009203,-115.099617,5,5,1,Wedding Planning;Venues & Event Spaces;Shopping;Bridal;Event Planning & Services,,,,
OcUVZniPo7CnIG-Tv83XcQ,"""Karl M Larsen, OD""",Northwest,"""8660 W Cheyenne Ave, Ste 120""",Las Vegas,NV,89129,36.2189115,-115.2838436,5,3,1,Optometrists;Health & Medical;Eyewear & Opticians;Shopping,,,,
EXsmUB2mJyJsCpCV-56Ujw,"""Paulina Clute Events""",,"""5888 Spring Ranch Pkwy""",Las Vegas,NV,89118,36.090924,-115.2221746,5,16,1,Party & Event Planning;Wedding Planning;Event Planning & Services,,,,
swZaqSjwq4UF8QhEtacx5A,"""EasyStreet Realty""",Southeast,"""1421 E Sunset Rd, Ste 10""",Las Vegas,NV,89119,36.0712299,-115.1330676,5,5,1,Real Estate Services;Real Estate;Home Services,,,,
onb5syYKz4Wf3cwQWuqv1A,"""Recinos Shoe Repair""",,"""3250 Civic Center Dr""",North Las Vegas,NV,89030,36.2194899,-115.1192341,5,13,1,Sewing & Alterations;Local Services;Shoe Repair,,,,
2Hv5ELUYvnkZtCLZaBhTcw,"""Thy Word Ministries""",Southeast,"""5820 S Pecos Rd, Ste 400""",Las Vegas,NV,89120,36.0837776,-115.1004693,5,4,1,Churches;Religious Organizations,,,,
WghcqSAGCzKOhprLblYWVA,"""Get Results Personal Training""",Westside,"""7980 W Sahara Ave""",Las Vegas,NV,89117,36.14484787,-115.2649994,5,25,1,Active Life;Boot Camps;Trainers;Fitness & Instruction;Gyms,,,,
FtexOfH0spZrWcfj0LATiA,"""Green O' Aces Pools & Landscape""",Westside,"""9300 Provence Garden Ln""",Las Vegas,NV,89145,36.1683449,-115.2659777,5,5,1,Pool & Hot Tub Service;Home Services;Landscape Architects;Active Life;Contractors;Swimming Pools;Landscaping,,,,
8ksIhKcaFmzRX5pYA8cs0g,"""Lone Mortgage Steven Stewart""",Spring Valley,"""5275 S Durango Dr""",Las Vegas,NV,89113,36.0931238,-115.2797507,5,3,1,Mortgage Brokers;Financial Services;Mortgage Lenders;Real Estate;Home Services,,,,
BWhspaDdGQwZAkXieytvUQ,"""Gina Louisa Designs""",Eastside,"""""",Las Vegas,NV,89121,36.1165487,-115.0881146,5,11,0,Flowers & Gifts;Shopping;Florists,,,,
1EuqKW-JC-Fm3RSWRqKdrg,"""Life Springs Christian Church""",Southeast,"""2075 E Warm Springs Rd""",Las Vegas,NV,89119,36.0564011,-115.1236678,5,5,1,Religious Organizations;Churches,,,,
S6umS7SKpSmjQePV1y9Rkg,"""Print It""",,"""3050 Westwood Dr, Ste B-5""",Las Vegas,NV,89109,36.134089,-115.17676,5,5,1,Advertising;Graphic Design;Local Services;Professional Services;Screen Printing/T-Shirt Printing;Screen Printing,,,,
LUYB4fYZt5ZaitU4hXBDKg,"""Destinations Pueblo Apartments""",Summerlin,"""8600 Scholar Ln""",Las Vegas,NV,89128,36.1968435,-115.2816961,5,3,1,Real Estate;Apartments;Home Services,,,,
a0KA7F5FF9LVlEfOR4ghsA,"""Las Vegas Tire""",,"""3873 E Craig Rd, Ste 8""",North Las Vegas,NV,89030,36.2399138,-115.09138,5,4,1,Automotive;Tires,,,,
wsk0aTlf1Sj8Roy1ZL2dIw,"""Post Launch""",Westside,"""7475 W Sahara Ave, Ste 103""",Las Vegas,NV,89117,36.1430293,-115.2549552,5,5,1,Marketing;Professional Services,,,,
hgErlZ_LUHXJfD5rLfIjOw,"""Allison Barfield""",Downtown,"""1025 S 1st St, Ste 165""",Las Vegas,NV,89101,36.1595711,-115.1523871,5,10,1,Hair Extensions;Hair Stylists;Hair Salons;Beauty & Spas,,,,
1aSZn7e6D1EWLCqUFuQkRA,"""Fit SOULutions""",,"""2651 Crimson Canyon Dr""",Las Vegas,NV,89128,36.208213,-115.254583,5,3,1,Yoga;Active Life;Trainers;Fitness & Instruction;Boot Camps,,,,
m5mXo_UzCUZPfL7BXzApFQ,"""Hair by Erika Shear""",Westside,"""1225 S Fort Apache Rd, Ste 160""",Las Vegas,NV,89117,36.1569588,-115.2924917,5,4,1,Hair Stylists;Hair Extensions;Event Planning & Services;Blow Dry/Out Services;Beauty & Spas;Hair Salons;Wedding Planning,,,,
_zKS1CoTjGatG556pjD5DA,"""Victory Pest Control""",Southeast,"""1605 Silver Glen Ave""",Las Vegas,NV,89123,36.014986,-115.130484,5,3,1,Pest Control;Local Services,,,,
#NAME?,"""Pinnacle Restoration""",Spring Valley,"""""",Las Vegas,NV,89148,36.0612353,-115.2896852,5,8,1,Drywall Installation & Repair;Handyman;Home Services;Contractors;Damage Restoration,,,,
OWbm2cGjhX3CwmqzUJeLoQ,"""Strip Gun Club""",The Strip,"""2235 S Las Vegas Blvd""",Las Vegas,NV,89104,36.1452144,-115.1560534,5,57,1,Adult Entertainment;Active Life;Gun/Rifle Ranges;Guns & Ammo;Nightlife;Shopping,,,,
AfL8Ds7ex73tfVbq3EFWKg,"""Baja Fresh""",Westside,"""8780 W Charleston Blvd, Ste 100""",Las Vegas,NV,89117,36.1594825,-115.2874508,5,6,1,Restaurants;Mexican,,,,
omySZ6UHF1-5F4ZKHlUSKQ,"""Eagle Home Appraisal""",The Strip,"""3565 Las Vegas Blvd S, Ste 366""",Las Vegas,NV,89109,36.115527,-115.172274,5,3,1,Appraisal Services;Real Estate Services;Local Services;Commercial Real Estate;Home Services;Real Estate,,,,
WAq2whrNNq8DD7rG20WFjA,"""Sassy N Classy Cakes""",,"""""",Henderson,NV,89074,36.0376448,-115.0762536,5,16,1,Cupcakes;Custom Cakes;Desserts;Food,,,,
SfzapQwxBCxFNVUjef8DGQ,"""EPI Welding""",,"""4695 W Nevso Dr, Ste 10""",Las Vegas,NV,89103,36.113102,-115.2050067,5,12,1,Home Services;Local Services;Fences & Gates;Metal Fabricators;Windows Installation,,,,
PeiGE4HnVO9iAbId_BkJeA,"""Ivy Garcia, LMT""",The Lakes,"""9061 W Sahara Ave, Ste 104, Vegas Massage Studio""",Las Vegas,NV,89117,36.1431576,-115.2944221,5,6,1,Massage Therapy;Beauty & Spas;Health & Medical;Massage,,,,
dYBYbXIyi2l8b9AEJphaog,"""Youngblood Stephanie Dr""",Downtown,"""500 S Rancho Dr""",Las Vegas,NV,89106,36.165207,-115.173419,5,8,1,Health & Medical;Chiropractors,,,,
sRR2PaKp56EMf3OCd5lA-g,"""Advanced Laparoscopic & General Surgery of Nevada""",Centennial,"""6850 N Durango Dr, Ste 204""",Las Vegas,NV,89149,36.2857688,-115.2853389,5,3,1,Health & Medical;Doctors;Surgeons,,,,
cL6e-u4LHnyjuy5X736iPw,"""Hair By Liz""",Spring Valley,"""4005 S El Capitan Way""",Las Vegas,NV,89147,36.1165374,-115.2884645,5,4,1,Hair Extensions;Hair Salons;Beauty & Spas;Makeup Artists,,,,
XBxQM_l0z5P9fxt7X03xUg,"""Upholstery Works""",Westside,"""4080 W Desert Inn Rd, Ste W-116""",Las Vegas,NV,89102,36.1303535,-115.1932275,5,14,1,Auto Upholstery;Furniture Reupholstery;Local Services;Automotive,,,,
ilw_dnyue6JBgI6KypmPBQ,"""Kessler & Sons Music""",Downtown,"""3047 E Charleston Blvd, Ste C""",Las Vegas,NV,89104,36.1592114,-115.1062787,5,10,1,Musical Instruments & Teachers;Shopping,,,,
7kO8bObVGFa-T3mj6PVYsg,"""Quiznos""",Eastside,"""730 E Flamingo Rd""",Las Vegas,NV,89119,36.114988,-115.147904,5,4,0,Restaurants;Sandwiches,,,,
5N_aGFeIMgI9W0IR5KAbWA,"""Total Comfort""",Southwest,"""7763 Hunters Lodge Ct""",Las Vegas,NV,89113,36.0468201,-115.2572393,5,9,1,Heating & Air Conditioning/HVAC;Home Services,,,,
JxjY94b4EfrFVsDCEdP5dA,"""Discount Tire Store - Henderson, NV""",,"""4661 E Sunset Rd""",Henderson,NV,89014,36.0704907,-115.0723437,5,66,1,Wheel & Rim Repair;Auto Parts & Supplies;Tires;Automotive,,,,
nVdeotsn3RFApGYyQ9aEZg,"""USA Money Today""",Westside,"""2550 S Rainbow Blvd""",Las Vegas,NV,89146,36.14386338,-115.2419553,5,17,1,Title Loans;Auto Loan Providers;Check Cashing/Pay-day Loans;Automotive;Financial Services,,,,
hFiwhATkS_mrfBB-BqDa2A,"""Paul's Vegas Photography""",Downtown,"""1655 S Mojave Rd""",Las Vegas,NV,89104,36.153625,-115.106262,5,12,1,Session Photography;Painters;Videographers;Photographers;Real Estate Photography;Real Estate;Hotels & Travel;Event Photography;Home Services;Travel Services;Real Estate Services;Event Planning & Services;Wedding Chapels,,,,
hEfKRl3IFvpEzaw10E2Dfg,"""Dreamy Nail Designs Studio""",Southeast,"""9850 Maryland Pkwy, Ste14""",Las Vegas,NV,89183,36.01082461,-115.1341184,5,17,1,Beauty & Spas;Nail Salons,,,,
vSb_aQhd0jGdw6G3dcbcaw,"""A Step Above""",Westside,"""""",Las Vegas,NV,89102,36.1462673,-115.1829873,5,8,1,Siding;Waterproofing;Roof Inspectors;Roofing;Home Services,,,,
Sx7YKNgNr29eX9gUjH7T8w,"""Makeup by Rose C""",Northwest,"""""",Las Vegas,NV,89129,36.2330997,-115.2719048,5,7,1,Beauty & Spas;Makeup Artists,,,,
dDGTzWVyWrWha6zpwK_Qug,"""Thomas Automotive""",Northwest,"""3700 N Rancho Dr""",Las Vegas,NV,89130,36.2279017,-115.2212169,5,18,1,Auto Repair;Smog Check Stations;Truck Rental;Commercial Truck Repair;Automotive,,,,
qEG5OZatk3t4fh4tSETP8Q,"""The Mold Detectives""",Southeast,"""375 E Warm Springs Rd""",Las Vegas,NV,89119,36.0559743,-115.1555317,5,9,1,Home Inspectors;Home Services,,,,
Y29PMEtTa0qqsiZl5niu5w,"""Eastern Executive Suites""",Southeast,"""8565 S Eastern Ave, Ste 150""",Las Vegas,NV,89123,36.0340537,-115.1199873,5,3,1,Home Services;Real Estate;Shared Office Spaces,,,,
fu5dk9dy8Wpon8ISLvtE5g,"""The Lash House""",Spring Valley,"""7656 W Sahara Ave, Unit 130""",Las Vegas,NV,89117,36.10168174,-115.3022563,5,6,1,Eyelash Service;Beauty & Spas,,,,
eSHq4UiJ9RL15IeDLJE8_g,"""Significance Orthodontics""",Eastside,"""2430 E Harmon Ave, Ste 6""",Las Vegas,NV,89121,36.1077248,-115.1181683,5,3,1,Orthodontists;Dentists;Health & Medical,,,,
h1wEnqAXpGF78D3l1VqTig,"""Silver Arrows Motors""",,"""4350 Arville St, Ste 19""",Las Vegas,NV,89103,36.1111613,-115.1984746,5,3,1,Auto Repair;Automotive,,,,
B6gaw5nMOo2VLgwX3jjasw,"""Heidi Castillo Massage""",Spring Valley,"""4485 S Buffalo Ave""",Las Vegas,NV,89147,36.1076794,-115.2617347,5,7,1,Beauty & Spas;Massage,,,,
TdJWcoUqRFsliBrO-LhcFA,"""My Real Estate Friends""",,"""800 N Rainbow Blvd""",Las Vegas,NV,89107,36.1803263,-115.2416741,5,4,1,Real Estate Agents;Home Services;Real Estate Services;Real Estate,,,,
5vioKEG4FpjiFI5xWYQfmQ,"""Vegas Website Designs""",Southeast,"""6671 S Las Vegas Blvd, Ste 210""",Las Vegas,NV,89119,36.0699299,-115.1723541,5,5,1,Web Design;Graphic Design;Marketing;Professional Services,,,,
dAfgVkZRZ9CiMFsegjuRcg,"""ABC Garage Door Repair""",Westside,"""""",Las Vegas,NV,89107,36.1688235,-115.2185573,5,5,1,Garage Door Services;Home Services,,,,
r1trJaS4s1JfwnBmw9n9xg,"""Kelly Chiropractic Rehab and Wellness Center""",Westside,"""1405 Arville St, Ste 102""",Las Vegas,NV,89102,36.1557246,-115.1996422,5,11,1,Sports Medicine;Chiropractors;Weight Loss Centers;Health & Medical;Doctors,,,,
Vxij4aaKOKbuX4FoWMs7ZQ,"""Freeway Insurance Services""",,"""2021 N Rainbow Blvd 2""",Las Vegas,NV,89108,36.1985933,-115.2433497,5,3,1,Home & Rental Insurance;Financial Services;Auto Insurance;Insurance,,,,
DN8O0dlVsXkKk794B13mMA,"""Christie Stark - Signature Real Estate Group""",Summerlin,"""9525 Hillwood Dr, Ste 120""",Las Vegas,NV,89134,36.186411,-115.3040982,5,3,1,Real Estate;Home Services;Real Estate Agents,,,,
pCSi-ix3ptfczzD-nzzKTg,"""Adrenaline Rush Slingshot Rentals""",Westside,"""3940 W Desert Inn Rd, Ste U-103""",Las Vegas,NV,89102,36.1305225,-115.1927057,5,19,1,Historical Tours;Car Rental;Motorcycle Rental;Hotels & Travel;Tours;ATV Rentals/Tours;Active Life,,,,
jhv0DCeC1drMuH6EiFcg2A,"""One Above Range""",,"""900 Wigwam Pkwy""",Henderson,NV,89014,36.0356943,-115.024428,5,6,1,Event Planning & Services;Venues & Event Spaces;Firearm Training;Specialty Schools;Gun/Rifle Ranges;Education;Active Life,,,,
Jj9F27mlp00IJQuPtAePPQ,"""Ventura Munitions""",,"""5725 S Valley View Blvd""",Las Vegas,NV,89118,36.0858168,-115.1903937,5,111,1,Shopping;Guns & Ammo,,,,
LfyEg8Mx96kvTbnnQCNABg,"""Golden State Storage""",Eastside,"""4888 E Tropicana Ave""",Las Vegas,NV,89121,36.10094833,-115.0665817,5,4,1,Local Services;Self Storage,,,,
sH0bSXlK8A0GIj5b0I9SfA,"""Arcane Carpet Cleaners""",Southeast,"""8565 S Eastern Ave, Ste 150""",Las Vegas,NV,89123,36.0340176,-115.1200855,5,44,1,Local Services;Carpet Cleaning,,,,
r7K6DrnYEK-gp8484DWX1Q,"""Progressive FORCE Concepts""",Spring Valley,"""8840 W Russell Rd, Ste 230""",Las Vegas,NV,89148,36.0859731,-115.2846335,5,5,1,Specialty Schools;Trainers;Active Life;Fitness & Instruction;Professional Services;Education;Security Services;Firearm Training,,,,
9y7EXkufgR8wkI3f0FEBeQ,"""Ai Bijoux""",Westside,"""420 S Rampart Blvd, Ste 6250""",Las Vegas,NV,89145,36.1671901,-115.2855925,5,5,0,Fashion;Shopping;Personal Shopping;Lingerie,,,,
EeuXipW5hKLYcMX3aoBs-w,"""Summer Dental""",South Summerlin,"""10965 Lavender Hill Dr, Ste 120""",Las Vegas,NV,89135,36.1461376,-115.3340292,5,15,1,Orthodontists;Endodontists;Dentists;Cosmetic Dentists;Health & Medical;General Dentistry,,,,
w4bieaKWJ69V1GrQ4NNfVg,"""Nest Revisions Home Staging & Redesign""",Summerlin,"""""",Las Vegas,NV,89144,36.1780112,-115.3133908,5,3,1,Real Estate;Home Staging;Home Services;Interior Design,,,,
nKJ3JAbylMSsuO0Zo89sJw,"""Eggert Janice, MD""",University,"""1771 E Flamingo Rd, Ste 214A""",Las Vegas,NV,89119,36.1135865,-115.1289441,5,3,1,Ophthalmologists;Optometrists;Health & Medical;Cosmetic Surgeons;Doctors,,,,
_I14cacp3GoLdCPMwQn8-A,"""Nevada Title Company""",Summerlin,"""10000 W Charleston Blvd, Ste 180""",Las Vegas,NV,89135,36.1594774,-115.3152771,5,3,1,Home Services;Real Estate;Real Estate Services,,,,
mdW0eMuW3lyGu4lg36-gig,"""Crowd Siren""",Downtown,"""520 E Fremont St""",Las Vegas,NV,89101,36.1691083,-115.1395836,5,3,1,Professional Services;Marketing,,,,
ok0KK4QQZbV6LGP_hllbGQ,"""Done And Done DMV Service""",Southeast,"""2510 E Sunset Rd""",Las Vegas,NV,89120,36.0726556,-115.1161544,5,33,1,Local Services;Auto Insurance;Notaries;Departments of Motor Vehicles;Registration Services;Automotive;Professional Services;Financial Services;Public Services & Government;Insurance,,,,
etiXHEc6OYEyUTU3orIz6g,"""EMC Las Vegas""",Southeast,"""9000 S Las Vegas Blvd, Ste 2189""",Las Vegas,NV,89123,36.026698,-115.169638,5,9,1,Event Planning & Services;Party & Event Planning;Dance Clubs;Nightlife;Bars,,,,
Qn3ujsN0QRPetDssTg4QMQ,"""Children's Heart Center Nevada""",Summerlin,"""653 N Town Center Dr, Ste 114""",Las Vegas,NV,89144,36.1805637,-115.3159257,5,3,1,Health & Medical;Pediatricians;Cardiologists;Doctors,,,,
i4bUaov9vS29k5Gi1qxYwA,"""The Stretch Doc""",Westside,"""6985 W Sahara Ave, Unit 107""",Las Vegas,NV,89117,36.1430021,-115.2441724,5,5,1,Fitness & Instruction;Active Life;Trainers;Health & Medical;Chiropractors;Doctors;Sports Medicine,,,,
KPgMK2KZho8BV4R629XAmg,"""Hart Skin Studio""",Spring Valley,"""4235 S Forte Apache Rd, Ste 100, Inside Scandals Salon""",Las Vegas,NV,89147,36.1121729,-115.2980644,5,13,1,Medical Spas;Waxing;Hair Removal;Skin Care;Health & Medical;Beauty & Spas,,,,
893I_q9V2jO5NddCeo-JJg,"""Sahara Gold and Silver Buyers""",Downtown,"""1300 E Sahara Ave, Ste A""",Las Vegas,NV,89104,36.1446909,-115.1351038,5,3,1,Shopping;Gold Buyers;Jewelry;Jewelry Repair;Local Services,,,,
p4UY86ROXC0IDnvasv2S8A,"""Farmers Market LV""",Southeast,"""8174 S Las Vegas Blvd, Ste 107""",Las Vegas,NV,89123,36.04113883,-115.1705576,5,15,1,Shopping;Food;Fashion;Men's Clothing;Farmers Market;Women's Clothing,,,,
JJxSJSIKmnv889TCEaiynA,"""Chic Favors & Invitations""",Spring Valley,"""""",Las Vegas,NV,89147,36.1148054,-115.2778317,5,8,1,Flowers & Gifts;Party & Event Planning;Shopping;Event Planning & Services;Party Supplies;Arts & Crafts;Cards & Stationery;Wedding Planning,,,,
FIdEDlPT3GE_lrtGbCTuRQ,"""Superior Insurance""",Westside,"""4750 W Sahara Ave, Ste 5""",Las Vegas,NV,89102,36.1455989,-115.2065554,5,6,1,Auto Insurance;Home & Rental Insurance;Insurance;Financial Services,,,,
_w6ptb6X7YsDiwllNhOMSQ,"""Majestic Eyebrow Threading""",Southeast,"""3421 E Tropicana Ave, Ste R""",Las Vegas,NV,89121,36.0993723,-115.0999935,5,102,1,Threading Services;Beauty & Spas;Eyelash Service;Event Planning & Services;Eyebrow Services;Hair Removal;Henna Artists,,,,
vKYlrQuSymwOveLh9KxNYA,"""Bazaar Studios & Beauty Parlor""",,"""6201 Dean Martin Dr""",Las Vegas,NV,89118,36.0765465,-115.1818616,5,21,1,Event Planning & Services;Hair Salons;Makeup Artists;Photographers;Session Photography;Beauty & Spas,,,,
i4l5A-oFNVtPNK-NIMcqiQ,"""Casa Flooring""",,"""3873 E Craig Rd""",North Las Vegas,NV,89030,36.2399137,-115.091342,5,5,1,Home Services;Flooring,,,,
DQHMVEMdGyaeriSjiaAtjQ,"""Glimpse Medical""",Spring Valley,"""5990 S Rainbow Blvd""",Las Vegas,NV,89118,36.0801152,-115.2422281,5,10,1,Weight Loss Centers;Doctors;Health & Medical,,,,
nv2z5SYQR0JlzflUrm00Mw,"""Las Vegas Distillery""",,"""7330 Eastgate Rd, Ste 100""",Henderson,NV,89011,36.054555,-115.019143,5,76,1,Food;Tours;Hotels & Travel;Distilleries;Beer;Wine & Spirits,,,,
h0G1wnCQCqgk66IXMo9-Ow,"""DC Fit Las Vegas""",Spring Valley,"""9640 W Tropicana Ave, Ste 113""",Las Vegas,NV,89147,36.10108997,-115.3026147,5,5,1,Boxing;Martial Arts;Kickboxing;Fitness & Instruction;Active Life;Gyms,,,,
zP_U5nyuLamO4j4ghY6zbA,"""Sandy Margolin - Urban Nest Realty""",Summerlin,"""10220 W Charleston Blvd, Ste 3""",Las Vegas,NV,89135,36.1605031,-115.3188741,5,35,1,Real Estate;Home Services;Real Estate Services;Real Estate Agents,,,,
Ty6Cw-cqTJ-87lVqtigsdg,"""DOC Auto Repair""",Sunrise,"""4380 E Lake Mead""",Las Vegas,NV,89115,36.196257,-115.0773936,5,7,1,Automotive;Auto Repair,,,,
Iu_uZRVStxL1GuhDXaEJHA,"""J R Pony Parties""",,"""1753 Fairhaven St""",Las Vegas,NV,89108,36.192719,-115.2082924,5,15,1,Party & Event Planning;Event Planning & Services,,,,
MXpCVzm1V5OH05KO6n7ntA,"""The Corndog Company LV""",Centennial,"""5720 Centennial Center Blvd""",Las Vegas,NV,89149,36.2657011,-115.2599646,5,7,1,Food Trucks;Restaurants;Hot Dogs;Food;Street Vendors,,,,
pKUNAEeUGjeEE0pFzhZlxw,"""New Song Lutheran Church""",Anthem,"""1291 Cornet St""",Henderson,NV,89052,35.9798145,-115.0944283,5,4,1,Churches;Religious Organizations,,,,
LurRKPOsaEotKn5iKh6LUw,"""Roomers Window Fashions & More""",,"""2412 Luberon Dr""",Henderson,NV,89044,35.9235202,-115.0921776,5,6,1,Interior Design;Shades & Blinds;Home Services;Shutters,,,,
vdKIuv79PBhVmcS2ezG6_Q,"""Who's Next Beauty Bar""",Westside,"""3953 W Charleston Blvd""",Las Vegas,NV,89102,36.1587599,-115.193453,5,8,1,Eyelash Service;Hair Salons;Hair Extensions;Beauty & Spas,,,,
yJt09p1SKqDTWGdvRgUDSQ,"""Lisa Bell""",Summerlin,"""1946 Village Center Cir""",Las Vegas,NV,89134,36.193567,-115.306153,5,4,1,Hair Salons;Beauty & Spas;Nail Salons,,,,
CBY41AL_5QXcP96mdG7U8w,"""ArtisticLifestyles""",,"""2758 S Highland Dr, Ste B""",Las Vegas,NV,89109,36.1396479,-115.1708108,5,4,0,Arts & Entertainment;Art Galleries;Shopping,,,,
8CgT3zwpuoANesnuJCqw2g,"""Matt Cali Photography""",Eastside,"""4801 Harrison Dr""",Las Vegas,NV,89121,36.1023748,-115.1130757,5,9,1,Photographers;Event Planning & Services,,,,
jFQp1Uya-XO3TzKHf-JmzA,"""SN cleaning services""",Westside,"""""",Las Vegas,NV,89146,36.135635,-115.2304131,5,7,1,Professional Services;Window Washing;Office Cleaning;Home Services;Home Cleaning,,,,
5HGO1CxM0qPIS_u4L90Bvw,"""Performance Muffler Shop""",,"""5390 S Decatur Blvd""",Las Vegas,NV,89118,36.0916873,-115.2070283,5,72,1,Auto Repair;Automotive,,,,
shqMR8_sSZTz4spuvfD4jg,"""Balsiger Insurance""",,"""3481 E Sunset Rd, Ste 100""",las vegas,NV,89120,36.0397,-115.0758,5,4,1,Insurance;Financial Services,,,,
sN3jqoj6oG10zqwjjGY0Dw,"""GlowRun""",Downtown,"""250 Las Vegas Blvd S""",Las Vegas,NV,89101,36.1675131,-115.1418826,5,3,1,Active Life;Races & Competitions,,,,
HiXTdnt1MLoBRfo-0vHZkA,"""Shredco Document Destruction""",Southwest,"""""",Las Vegas,NV,89139,36.0402159,-115.2244853,5,8,1,Local Services;Shredding Services;Professional Services,,,,
MmT-eurMIgyzwaukQ1Lf3Q,"""New Romantix""",Eastside,"""""",Las Vegas,NV,89121,36.1165487,-115.0881146,5,21,1,Wedding Chapels;Event Photography;Officiants;Photographers;Event Planning & Services;Wedding Planning,,,,
227GSfD4omYW1qE8ATFs1g,"""A Magical Day, Princess Parties & More""",,"""""",Henderson,NV,89044,35.9208835,-115.1652008,5,7,1,Party Characters;Event Planning & Services,,,,
Q1muE16AunqUpPg8fs86qQ,"""We Got Mail""",,"""655 W Craig Rd, Ste116""",North Las Vegas,NV,89032,36.23843824,-115.1505881,5,11,0,Shipping Centers;Printing Services;Mailbox Centers;Local Services,,,,
JDZ2gtUUFdCcGmSJhqyUOw,"""Rich Little Productions""",Westside,"""1919 S Jones Blvd""",Las Vegas,NV,89146,36.1491902,-115.2261569,5,7,1,Arts & Entertainment,,,,
mQTem4Fcj3jlJ7xUaNj1wQ,"""Don Nobis Progressive Physical Therapy""",Downtown,"""801 S Rancho Dr, Ste F4""",Las Vegas,NV,89106,36.162099,-115.1722493,4.5,11,1,Health & Medical;Physical Therapy,,,,
dkid3MnLxuOVdFtL14R4yA,"""LV Royal Foot Spa""",Chinatown,"""5150 Spring Mountain Rd, Ste 8""",Las Vegas,NV,89146,36.1265361,-115.2120446,4.5,3,1,Day Spas;Beauty & Spas;Massage,,,,
w80BIiH1HPT-4aWK47ROIw,"""Keystone Carpet Care""",,"""2756 N Green Valley Pkwy, Ste 409""",Henderson,NV,89014,36.0702523,-115.0823156,4.5,98,1,Local Services;Carpet Cleaning;Damage Restoration;Home Services;Home Cleaning,,,,
79JLTCODU59FjrfXKU-bHg,"""Garside Pool""",Westside,"""300 S Torrey Pines Dr""",Las Vegas,NV,89139,36.17030334,-115.2337112,4.5,16,1,Swimming Pools;Active Life,,,,
eHXUyMf64ynMzHaf0LdGgg,"""Tups Specialty Sandwiches""",Southeast,"""2381 E Windmill Ln""",Las Vegas,NV,89123,36.041104,-115.1208125,4.5,136,1,Restaurants;Delis;American (Traditional);Sandwiches,,,,
#NAME?,"""Del Mar Landscaping""",,"""1180 Center Point Dr""",Henderson,NV,89074,36.03989,-115.038811,4.5,17,1,Landscaping;Home Services,,,,
PpOp8U9cI3pFJc9GxZXSAA,"""Pickart & Sons Radiator & Air Conditioning Service""",,"""1801 N Boulder Hwy""",Henderson,NV,89011,36.0630237,-115.0098085,4.5,6,1,Heating & Air Conditioning/HVAC;Home Services,,,,
p71U-jvcd4jIwVsdf3N70g,"""Jokesters Comedy Club""",Downtown,"""301 Fremont St""",Las Vegas,NV,89101,36.169437,-115.1429031,4.5,20,1,Nightlife;Comedy Clubs,,,,
POuF7alk2QVqVlcSOOjV3Q,"""Thai Thai Restaurant""",Anthem,"""10890 S Eastern Ave, Ste 109""",Henderson,NV,89052,35.9951672,-115.0998256,4.5,27,1,Thai;Restaurants,,,,
zqcGg4GKVK89NXp0rzJmPg,"""Shimmer Nails and Hair""",,"""4970 Arville St, Ste 113 & 111""",Las Vegas,NV,89118,36.0999199,-115.1990186,4.5,257,1,Nail Salons;Day Spas;Hair Salons;Beauty & Spas;Event Planning & Services;Makeup Artists,,,,
hYD6S7IiWlgtqP4wxOtdpA,"""Forsaken Toys & Collectibles""",Spring Valley,"""3925 S Buffalo Dr, Ste 100 A""",Las Vegas,NV,89147,36.117899,-115.2622228,4.5,10,0,Hobby Shops;Toy Stores;Books;Mags;Music & Video;Comic Books;Shopping,,,,
VcI79PEOa9XcYuWdYc-bgQ,"""Smith's Fuel Center""",,"""6130 W Tropicana Ave""",Las Vegas,NV,89103,36.10127513,-115.2264131,4.5,3,1,Gas Stations;Automotive,,,,
tfR4zgIlul-sxbhcexwPUQ,"""Western Exterminator Company""",Downtown,"""108 West Wyoming Ave""",Las Vegas,NV,89102,36.1521173,-115.1533466,4.5,5,0,Pest Control;Local Services,,,,
G3VQoICgygtcKLNgWq41sQ,"""Red Wing Shoes""",,"""2600 W Sahara, Ste 114""",Las Vegas,NV,89102,36.1451859,-115.1766297,4.5,7,1,Shoe Stores;Fashion;Shopping,,,,
NMyMnvEVTzWBssOepGGR0A,"""Lush Fresh Handmade Cosmetics""",The Strip,"""3930 Las Vegas Blvd, Ste 115""",Las Vegas,NV,89119,36.0942332,-115.1757438,4.5,162,1,Beauty & Spas;Cosmetics & Beauty Supply;Shopping,,,,
B2UL0K675UP8KGiSYVi4GA,"""Urban Ranch""",Northwest,"""6718 W Cheyenne Ave""",Las Vegas,NV,89108,36.2184968,-115.2429778,4.5,6,1,Home Decor;Home & Garden;Home Services;Shopping;Interior Design;Lighting Fixtures & Equipment,,,,
EyoTq9dd4oKXhXND_imOzA,"""Sweet Poké""",University,"""4680 S Maryland Pkwy, Ste 300""",Las Vegas,NV,89119,36.104435,-115.1367851,4.5,53,1,Asian Fusion;Restaurants;Sushi Bars;Hawaiian,,,,
iJy7ameVQsas8IA6nGhywg,"""Farshad Athari, DDS""",Southeast,"""9530 S Eastern Ave, Ste 160, Pleasantsmiles""",Las Vegas,NV,89123,36.01658,-115.118684,4.5,89,1,Dentists;Periodontists;General Dentistry;Health & Medical;Cosmetic Dentists;Orthodontists;Oral Surgeons,,,,
KxL0-DkQW18UBHVYLeHqLg,"""Puppetry of the Penis""",,"""3275 Sammy Davis Jr Dr""",Las Vegas,NV,89109,36.1299669,-115.1744151,4.5,57,1,Adult Entertainment;Arts & Entertainment;Comedy Clubs;Performing Arts;Nightlife,,,,
fZqjn1-lMAl6XfTpmeoZdg,"""Nail Zone""",,"""183 N Gibson Rd, Ste 110""",Henderson,NV,89014,36.0401799,-115.0298577,4.5,142,1,Nail Salons;Beauty & Spas,,,,
aGiISkkcEhciE7LCj7MekA,"""Fun Kutz Kids Hair Salon""",Southwest,"""10430 S Decatur Blvd, Ste 108""",Las Vegas,NV,89141,35.99990733,-115.2075961,4.5,75,1,Hair Salons;Beauty & Spas,,,,
qDxzLG96jUuH0F8NmX1rJg,"""Oming's Kitchen""",Downtown,"""""",Las Vegas,NV,,36.1699412,-115.1398296,4.5,33,1,Event Planning & Services;Food;Filipino;Caterers;Barbeque;Restaurants;Food Trucks;Street Vendors,,,,
rRbX0uGc5rYkR0YRQ8406Q,"""Joshua M. Ignatowicz, DMD""",,"""1070 W Horizon Ridge Pkwy, Ste 121""",Henderson,NV,89012,36.02231453,-115.0323483,4.5,82,1,Health & Medical;Dentists;Orthodontists;General Dentistry;Cosmetic Dentists,,,,
f4yqw8W3RrcLsNO9H7UYwg,"""Late Night Trailhead""",,"""Hwy 160""",Blue Diamond,NV,89004,36.0257167,-115.4022731,4.5,8,1,Parks;Hiking;Active Life;Mountain Biking,,,,
jgsojmg-UuXP4ub3-Bm3EA,"""Total Nutrition""",Spring Valley,"""6965 S Rainbow Blvd, Ste 100""",Las Vegas,NV,89118,36.06238555,-115.2433902,4.5,74,1,Shopping;Health Markets;Vitamins & Supplements;Nutritionists;Weight Loss Centers;Food;Specialty Food;Active Life;Health & Medical,,,,
9oWb8mUlPpglVBx1x1D37Q,"""Industry Auto Body & Fabrication""",,"""6265 S Valley View Blvd, Ste F""",Las Vegas,NV,89118,36.07564238,-115.1923246,4.5,14,1,Body Shops;Auto Upholstery;Auto Parts & Supplies;Automotive;Auto Customization,,,,
bB9RVbFrixBg_-CldjFk5g,"""Water Pros""",,"""2516 Losee Rd""",N Las Vegas,NV,89030,36.205325,-115.135145,4.5,4,1,Water Delivery;Local Services,,,,
CqVdLcbyZzfAjeCD1qEBZQ,"""Kailyn's Diner""",Eastside,"""3430 E Tropicana Ave, Ste 6""",Las Vegas,NV,89121,36.10053115,-115.0999628,4.5,134,0,American (Traditional);Diners;Restaurants;Burgers;Breakfast & Brunch,,,,
Tm2nssfd2CQJ2BjzfQxH4A,"""Paseo Verde Library""",,"""280 S Green Valley Pkwy""",Henderson,NV,89012,36.0173474,-115.0800296,4.5,55,1,Public Services & Government;Libraries,,,,
L7Pe7JMrb2J1aOamfdfJrg,"""AA Printing Service""",University,"""4800 S Maryland Pkwy, Ste C""",Las Vegas,NV,89119,36.1028451,-115.1360662,4.5,29,1,Professional Services;Graphic Design;Local Services;Advertising;Printing Services,,,,
CoGcHxwZNwG3gdMJey_UXQ,"""Beauty To Beauty""",Chinatown,"""4631 W Spring Mountain Rd, Ste 100""",Las Vegas,NV,89102,36.1258573,-115.2037117,4.5,233,1,Hair Salons;Beauty & Spas;Cosmetics & Beauty Supply;Shopping,,,,
g7IW5Vk2xiebtu5haPTxOQ,"""Glenn Roter, OD - Las Vegas Vision Center of Walmart""",Spring Valley,"""Wal-Mart, 5200 S Fort Apache Rd""",Las Vegas,NV,89148,36.0937736,-115.2940246,4.5,48,1,Optometrists;Health & Medical,,,,
wkKlpSx3OcoGJiv7p8VZzw,"""Sparrow + Wolf""",Chinatown,"""4480 Spring Mountain Rd, Ste 100""",Las Vegas,NV,89102,36.1266955,-115.2013006,4.5,205,1,Restaurants;American (New);Nightlife;Cocktail Bars;Bars,,,,
wSpZcL7QAI1tdR3LlbjaGw,"""Red Carpet Plumbing""",,"""7705 Commercial Way, Ste 105""",Henderson,NV,89011,36.0498858,-115.0204268,4.5,14,1,Plumbing;Appliances & Repair;Water Purification Services;Local Services;Home Services,,,,
gPV7FSY0JAlEC76IrrrpSQ,"""Paper Bag Beauty""",Downtown,"""1400 S 3rd St""",Las Vegas,NV,89104,36.1544359,-115.151649,4.5,14,1,Beauty & Spas;Hair Stylists;Makeup Artists;Hair Salons,,,,
ew9EEr6SuRmmNfHvzlFMmQ,"""Scales 'N Tails""",Southeast,"""5645 S Eastern Ave, Ste 6""",Las Vegas,NV,89119,36.0870193,-115.119232,4.5,9,1,Reptile Shops;Pets;Pet Stores,,,,
OsMCZSCTk3bpMIRUMxCpSA,"""ATV Cycle Sports""",,"""4440 E Craig Rd""",Las Vegas,NV,89115,36.2419146,-115.0769484,4.5,13,1,Automotive;Motorsport Vehicle Repairs;Motorcycle Repair;Motorcycle Dealers,,,,
#NAME?,"""Augusta Dental""",,"""1485 W Warm Springs Rd, Ste 101""",Henderson,NV,89014,36.0561596,-115.0499225,4.5,12,1,Health & Medical;Dentists;General Dentistry,,,,
swRAhT9rUxi3LuBdgR-lHw,"""Heritage Tattoo""",Southeast,"""3827 E Sunset Rd, Unit J""",Las Vegas,NV,89120,36.070822,-115.091153,4.5,63,1,Beauty & Spas;Tattoo,,,,
w5MkBtZJQAX50pBxj6WWBg,"""LV Laser Services""",The Lakes,"""3100 S Durango Dr, Ste 108""",Las Vegas,NV,89117,36.1334919,-115.278964,4.5,28,1,Hair Removal;Medical Spas;Laser Hair Removal;Skin Care;Beauty & Spas;Health & Medical,,,,
XhNNqtGhKH2coUYdL336_A,"""Juice 'n' Go Express""",Centennial,"""7155 Grand Montecito Pkwy""",Las Vegas,NV,89149,36.29099864,-115.2847344,4.5,28,0,Food;Juice Bars & Smoothies,,,,
x_yLsQMQtlE0rdxnaf6J5w,"""Fat Tuesday""",The Strip,"""3799 Las Vegas Blvd S""",Las Vegas,NV,89109,36.102621,-115.171564,4.5,606,1,Bars;Nightlife,,,,
iO72mzPxFxBIqUMN87roQw,"""Fresh & Easy Neighborhood Market""",Eastside,"""2950 E Desert Inn Rd""",Las Vegas,NV,89121,36.1305,-115.110387,4.5,3,0,Grocery;Food,,,,
fAzaGbKfd11V_SfhM29Q2g,"""Boulder City- Hoover Dam Museum""",,"""1305 Arizona St""",Boulder City,NV,89005,35.9776669,-114.836568,4.5,13,1,Museums;Arts & Entertainment,,,,
t38IzKK3PqVVIo4RDDG6ow,"""Queen Nails & Spa""",Westside,"""450 S Buffalo Dr, Ste 108""",Las Vegas,NV,89145,36.1672049,-115.2591616,4.5,46,1,Eyebrow Services;Hair Removal;Beauty & Spas;Waxing;Nail Salons,,,,
gOOfBSBZlffCkQ7dr7cpdw,"""Chica""",The Strip,"""3355 South Las Vegas Blvd, Ste 106""",Las Vegas,NV,89109,36.1226902,-115.1701939,4.5,264,1,Restaurants;Wine Bars;Mexican;Bars;Nightlife;Latin American,,,,
0sBEU_RdKQx1kmjl5jqWjw,"""Hard Knocks Muay Thai""",Spring Valley,"""9660 W Tropicana Rd, Ste 300""",Las Vegas,NV,89147,36.1004396,-115.3030677,4.5,20,1,Sports Clubs;Trainers;Active Life;Gyms;Fitness & Instruction;Muay Thai;Martial Arts,,,,
p1oM25uNUi2jRjQzj5EZHg,"""Chinese Laundry""",The Strip,"""3200 Las Vegas Blvd S, Ste 1780, Fashion Show Mall""",Las Vegas,NV,89109,36.127224,-115.1715513,4.5,5,1,Shopping;Shoe Stores;Laundry Services;Local Services;Fashion,,,,
K8KXPkHdF9FXKBuGyaXbpw,"""James W Dunnavant, DDS""",Summerlin,"""653 N Town Center Dr, Ste 102""",Las Vegas,NV,89144,36.1808271,-115.3154314,4.5,7,1,Health & Medical;Oral Surgeons;General Dentistry;Cosmetic Dentists;Dentists,,,,
jAu0_ZcCVjneTeytyHXMwQ,"""Doggie District Pet Resort""",Spring Valley,"""4245 S Grand Canyon Dr, Ste 110""",Las Vegas,NV,89147,36.11266909,-115.3072875,4.5,6,1,Pet Sitting;Pets;Pet Services,,,,
1OuM0Rpt3rrq2BKRcoCmPA,"""Coffey & Rader CPAs""",Westside,"""6625 W Sahara Ave, Ste 1""",Las Vegas,NV,89146,36.1437232,-115.2366294,4.5,6,1,Financial Services;Tax Services;Professional Services;Accountants,,,,
0awPLJOjscpgf0HJxbYOLg,"""Optic Gallery Aliante""",,"""6592 N Decatur Blvd, Ste 130""",Las Vegas,NV,89131,36.2797722,-115.2045767,4.5,49,1,Health & Medical;Eyewear & Opticians;Optometrists;Shopping,,,,
6Dc8n5zmf2WLrX1Q6yHzxw,"""Focused Vision Care""",Centennial,"""8080 W Tropical Pkwy""",Las Vegas,NV,89149,36.273107,-115.270208,4.5,8,1,Optometrists;Health & Medical,,,,
o2UVHRoIhkyP-6FdyFh76Q,"""The TwentyTwo Group""",Downtown,"""715 S Sixth St""",Las Vegas,NV,89101,36.161079,-115.144082,4.5,7,1,Home Services;Apartments;Property Management;Real Estate;Real Estate Agents,,,,
tDjnVAcYuUVpMvxUciQBwQ,"""Heroes and Villians""",The Strip,"""2000 Las Vegas Blvd S""",Las Vegas,NV,89104,36.1474086,-115.1553903,4.5,4,0,Shopping;Books;Mags;Music & Video;Toy Stores;Comic Books;Hobby Shops,,,,
NtcphpeecZp8aXJv1NTkMQ,"""Lush Cosmetics Grand Bazaar""",The Strip,"""3627 S Las Vegas Blvd, Ste 901""",Las Vegas,NV,89109,36.11439527,-115.172548,4.5,14,1,Beauty & Spas;Shopping;Fashion;Accessories;Cosmetics & Beauty Supply,,,,
iiM8WMnUsAWeAHULU8sdtw,"""Hi Star Auto Center""",,"""4881 West Hacienda Ave, Ste 4""",Las Vegas,NV,89118,36.09298545,-115.2075127,4.5,60,1,Auto Repair;Body Shops;Automotive;Transmission Repair;Auto Detailing;Auto Parts & Supplies;Auto Glass Services,,,,
oft7k7MPcdHu8m2dRMLQUA,"""Wolfpack Tattoo""",Downtown,"""666 S Las Vegas Blvd, Ste 100""",Las Vegas,NV,89101,36.1623654,-115.1452204,4.5,10,1,Tattoo;Piercing;Beauty & Spas,,,,
5fSz08wFcBhCeCXh7sxG5A,"""Runway Cafe""",Southeast,"""275 East Tropicana Ave""",Las Vegas,NV,89169,36.098988,-115.161644,4.5,8,1,Restaurants;American (New),,,,
aEDPioOyd9YjaY8Y-dma3Q,"""DM Bros PhoneWorld""",Southeast,"""2625 E Tropicana Ave, Ste F""",Las Vegas,NV,89121,36.0992547,-115.1139483,4.5,31,1,Shopping;Mobile Phone Repair;IT Services & Computer Repair;Computers;Mobile Phones;Internet Service Providers;Home Services;Professional Services;Local Services;Electronics,,,,
#NAME?,"""Cut Line Studio""",Southwest,""", 4270 Blue Diamond Rd""",Las Vegas,NV,89147,36.03930294,-115.198233,4.5,9,0,Barbers;Hair Stylists;Hair Salons;Blow Dry/Out Services;Beauty & Spas;Men's Hair Salons,,,,
wAKV6rA1QppMTS3-FXRTSA,"""Greek Bistro""",,"""565 Marks St""",Henderson,NV,89014,36.062368,-115.0369872,4.5,299,1,Mediterranean;Restaurants;Greek,,,,
wZCdr3iLTE6aa9kiVxWJWQ,"""SLO-Boy""",Downtown,"""1516 S Las Vegas Blvd""",Las Vegas,NV,89104,36.15221559,-115.1520205,4.5,35,0,Restaurants;American (New),,,,
VqBW4B5V3R8hk6M2ps-a9g,"""Instant Air""",Westside,"""3141 Westwood Dr""",Las Vegas,NV,89109,36.1324749,-115.1787741,4.5,11,1,Home Services;Heating & Air Conditioning/HVAC,,,,
8JNKMS8YVF3Fz9U_SL6L2Q,"""Yuppie Puppies Pet Grooming""",Southeast,"""9890 S Maryland Pkwy, Ste 21""",Las Vegas,NV,89183,36.0101627,-115.1352708,4.5,69,1,Pet Groomers;Pets;Pet Sitting;Pet Services,,,,
d-1yuLZtsN4ylDjngBblDQ,"""The Casas Team - CityWide Home Loans""",Spring Valley,"""5888 W Sunset Rd, Ste 101""",Las Vegas,NV,89118,36.0715418,-115.2217654,4.5,8,1,Mortgage Brokers;Financial Services;Real Estate Services;Real Estate;Mortgage Lenders;Home Services,,,,
iqfMyciStEFr0Kcv8-2YSQ,"""The Screen Machine""",,"""""",Las Vegas,NV,89101,36.17114,-115.124373,4.5,7,1,Shades & Blinds;Home Services;Local Services,,,,
IWZ_R6QLsMexkLQ-CZ7kTQ,"""kaylee's family mattress""",Spring Valley,"""9730 W Tropicana Ave""",Las Vegas,NV,89147,36.1005561,-115.304891,4.5,9,0,Shopping;Mattresses;Home & Garden,,,,
#NAME?,"""Ted Baker London""",Downtown,"""875 S Grand Central Pkwy, Ste 2149""",Las Vegas,NV,89106,36.1634205,-115.1588431,4.5,22,1,Women's Clothing;Accessories;Fashion;Shopping;Outlet Stores;Men's Clothing,,,,
ziv21pDfyrgdhlrlNIgDfg,"""Mr Antenna USA""",Sunrise,"""254 Clarges Ln""",Las Vegas,NV,89110,36.164086,-115.0512225,4.5,33,1,Home Services;Television Service Providers;Local Services,,,,
6tCMxC7Etf--WYEd-EiprA,"""Tostadas & Tacos""",Northwest,"""4016 N Tenaya Way""",Las Vegas,NV,89129,36.2336319,-115.2509288,4.5,30,0,Restaurants;Food;Desserts;Mexican,,,,
xObQl57iTZrg8-hfMkMF6g,"""Ice Box Canyon""",,"""3205 State Rte 159""",Las Vegas,NV,89101,36.1110149,-115.4493465,4.5,42,1,Active Life;Hiking,,,,
jQmoy72u3ySNGQG__fqEig,"""Mai Orthodontics""",Southwest,"""7910 S Rainbow Blvd, Ste 100""",Las Vegas,NV,89139,36.0441239,-115.2429386,4.5,16,1,Dentists;Health & Medical;Orthodontists,,,,
eGIvKJEkCgaEvraeHo3Puw,"""MaximuM Comics""",Centennial,"""7950 W Tropical Pkwy, Ste 120""",Las Vegas,NV,89149,36.27092806,-115.268751,4.5,42,1,Comic Books;Books;Mags;Music & Video;Shopping,,,,
3JnKLumwdlMMn69_5x2E4g,"""Pit Stop Express Car Wash""",Spring Valley,"""6480 S Rainbow Blvd""",Las Vegas,NV,89118,36.07090086,-115.2418169,4.5,7,1,Automotive;Car Wash,,,,
hrAZ-TDCbRNlQImWec-d0w,"""Mattress Firm Clearance""",,"""4880 W Flamingo Rd""",Las Vegas,NV,89103,36.1158242,-115.2076482,4.5,13,0,Home Decor;Furniture Stores;Home & Garden;Mattresses;Shopping,,,,
liylNbY_mxOF80ygAKdxTQ,"""All American Animal Hospital""",,"""6795 W Flamingo Rd""",Las Vegas,NV,89103,36.1140789,-115.2408336,4.5,33,1,Veterinarians;Pets,,,,
o8sgmj_SBu5sedOAeYn4xA,"""Certified Auto Body Center""",,"""4542 W Hacienda Ave""",Las Vegas,NV,89118,36.093978,-115.202816,4.5,20,1,Automotive;Auto Repair;Body Shops;Auto Parts & Supplies,,,,
o4SrqCtq05F6dUlD95AapA,"""A Nail Spa""",Anthem,"""9905 S Eastern Ave""",Las Vegas,NV,89183,36.0100415,-115.1186609,4.5,8,1,Nail Salons;Beauty & Spas,,,,
sn9sCsxAstrd6N-bigSz8A,"""Polo Cleaners""",,"""655 W Craig Rd""",North Las Vegas,NV,89032,36.2383916,-115.1505867,4.5,5,1,Local Services;Laundry Services;Dry Cleaning & Laundry,,,,
ZTE7oqn_zRaYOEH439Qdiw,"""Counts Tattoo Company""",,"""3700 W Flamingo Rd""",Las Vegas,NV,89103,36.11862899,-115.1865363,4.5,27,1,Tattoo;Beauty & Spas,,,,
dqKf-uHjWnxN1a4d9_2zJA,"""Great Clips""",,"""5960 Losee Rd, Ste 126""",North Las Vegas,NV,89081,36.2681405,-115.1154964,4.5,35,1,Beauty & Spas;Hair Salons,,,,
EGzbYCNiLoBuRvJmzqrKxQ,"""Just Like Home Doggie Hotel And Grooming""",,"""4872 W Lake Mead Blvd""",Las Vegas,NV,89108,36.1957763,-115.2069347,4.5,148,1,Pet Groomers;Pet Services;Pets;Pet Sitting;Pet Training,,,,
BACPsU4WL0gXFPm2zSGXWw,"""DNS Glass""",,"""""",Las Vegas,NV,89106,36.1922841,-115.1592718,4.5,6,1,Glass & Mirrors;Home Services;Windows Installation,,,,
7QAqpKWyPvr02AsaCgi2rw,"""The Pizza Caffe""",Southeast,"""7435 S Eastern Ave""",Henderson,NV,89123,36.055832,-115.120023,4.5,3,0,Pizza;Restaurants;Italian,,,,
hcLsY_jZZbqoFngUSraVVA,"""The Gay & Lesbian Community Center of Southern Nevada""",Downtown,"""401 S Maryland Pkwy""",Las Vegas,NV,89101,36.1619276,-115.1346287,4.5,25,1,Community Service/Non-Profit;Local Services,,,,
NEyskcINzYoWrvITqWmulw,"""Sew Yeah Quilting""",Northwest,"""3690 N Rancho Dr""",Las Vegas,NV,89130,36.2259209,-115.2193829,4.5,23,1,Fabric Stores;Arts & Crafts;Shopping,,,,
duxJsXujdcVs7ujToYe_Ag,"""Desert Doggies Grooming""",Southwest,"""8544 Blue Diamond Rd, Ste 145""",Las Vegas,NV,89178,36.0216326,-115.2777342,4.5,42,1,Pet Sitting;Pets;Pet Groomers;Pet Services;Pet Boarding,,,,
Ty3_-RgdKVSIunHsWCq4Yw,"""Kohorst Keith, OD""",Southeast,"""2190 E Pebble Rd""",Las Vegas,NV,89123,36.0281627,-115.1215575,4.5,8,1,Health & Medical;Optometrists,,,,
zlnu9dB82C__eZVuBL47Eg,"""SimonMed Imaging""",,"""4640 W Craig Rd""",North Las Vegas,NV,89032,36.2394334,-115.2050932,4.5,6,1,Diagnostic Services;Radiologists;Health & Medical;Doctors;Diagnostic Imaging,,,,
C7u-m5Lyfp3doaNuc6eCZg,"""Hypnosis Unleashed Starring Kevin Lepine""",Eastside,"""128 Fremont St""",Las Vegas,NV,89109,36.1223462,-115.1435852,4.5,95,1,Arts & Entertainment;Performing Arts,,,,
mbD6Yu6c4SORd1pTeBePzg,"""Devious Designs""",,"""3320 W Post Rd""",Las Vegas,NV,89118,36.075345,-115.184752,4.5,29,1,Body Shops;Automotive;Auto Customization;Auto Detailing,,,,
17KjGxHTPCRwkPdEL95QPg,"""Reflecting Hands Massage Therapy""",Westside,"""5450 W Sahara Ave, Ste 138""",Las Vegas,NV,89146,36.14490585,-115.2160579,4.5,63,1,Health & Medical;Massage Therapy;Massage;Beauty & Spas,,,,
HnOidPBUemhB9W15GX0cFw,"""Santa's Wrap""",,"""8826 S Eastern Ave, Ste 115""",Las Vegas,NV,89123,36.029285,-115.116204,4.5,33,1,Home & Garden;Holiday Decorations;Pop-up Shops;Shopping;Discount Store;Home Decor;Furniture Stores;Gift Shops;Flowers & Gifts,,,,
cdc6GmhdDY7KQnuPa8rldw,"""Laos Market""",,"""629 N Las Vegas Blvd""",Las Vegas,NV,89101,36.1761306,-115.1369366,4.5,41,1,International Grocery;Ethnic Food;Specialty Food;Food;Imported Food,,,,
FFVAGNz3fQ7Mdsupm5uzMw,"""Infused Tea Lounge""",Spring Valley,"""5105 S Ft Apache, Ste 110""",Las Vegas,NV,89148,36.0946251,-115.297747,4.5,203,1,Bubble Tea;Juice Bars & Smoothies;Coffee & Tea;Food;Tea Rooms,,,,
Pu4rweOW-R-dE16XudV3xg,"""Southwest Hardwood Floors""",,"""5175 W Diablo Dr, Ste 109""",Las Vegas,NV,89118,36.0884692,-115.2117707,4.5,3,1,Flooring;Home Services;Building Supplies,,,,
yKJcLmhwgRK-Xu8cLaI-Hg,"""StudiOhm""",Spring Valley,"""7060 W Sunset Rd""",Las Vegas,NV,89113,36.070519,-115.2470543,4.5,3,0,Dance Studios;Yoga;Fitness & Instruction;Active Life,,,,
5SfUyRlXaW0ApETTQaFJWQ,"""Gaudi Bar""",,"""1301 W Sunset Rd""",Henderson,NV,89014,36.0604553,-115.0410892,4.5,10,1,Bars;Nightlife,,,,
wtzyptO7ubkKCWyWTSxJLw,"""Mostly Mail""",Centennial,"""7260 W Azure Dr, Ste 140""",Las Vegas,NV,89130,36.2737596,-115.2528814,4.5,15,1,Notaries;Mailbox Centers;Shipping Centers;Local Services,,,,
CHcPks64vbCo8XWpSkQGqg,"""GadgetMates""",,"""9480 S Eastern Ave, Ste 175""",Las Vegas,NV,89123,36.0174059,-115.117173,4.5,75,1,Mobile Phone Repair;IT Services & Computer Repair;Local Services,,,,
yDWYuIDfXHckdJM5fxOb5g,"""ILLUSIONS starring Jan Rouven""",The Strip,"""Tropicana Hotel & Casino, 3801 Las Vegas Blvd S""",Las Vegas,NV,89109,36.0993632,-115.1709616,4,118,0,Arts & Entertainment;Performing Arts,,,,
EQysX2BaXjvcQF2DSkjJkg,"""The View Cafe""",,"""3100 N Tenaya Way""",Las Vegas,NV,89128,36.2156427,-115.2489061,4,6,1,Restaurants;Cafes,,,,
IABtAWNWSbGdn7ECn_Q6PA,"""Wirig Orthodontics""",,"""375 N Stephanie St, Ste 211""",Henderson,NV,89014,36.0548402,-115.0476841,4,11,1,Orthodontists;Dentists;Health & Medical,,,,
2qIZlW8YSLL8a7I6KkJdHQ,"""Lina's Mexican Restaurant""",,"""6412 Losee Rd, Ste 100""",North Las Vegas,NV,89086,36.27677068,-115.1149742,4,39,0,Mexican;Restaurants,,,,
1W_m2D09oRKRIqKYHgKFbQ,"""Orangetheory Fitness Las Vegas - Henderson""",Anthem,"""10271 S Eastern Ave, Ste 103-105""",Henderson,NV,89052,36.0028159,-115.1104821,4,48,1,Trainers;Fitness & Instruction;Gyms;Active Life;Interval Training Gyms;Shopping;Boot Camps,,,,
CZp4MlVMYO2JiL_sutf-sQ,"""Silver State Tax & Multi-Services""",Westside,"""2800 W Sahara Ave, Ste 7F""",Las Vegas,NV,89102,36.1452494,-115.1795498,4,4,1,Insurance;Auto Insurance;Financial Services;Home & Rental Insurance;Notaries;Local Services;Tax Services,,,,
1bdwB6hxMUnSKF8bCsmuZA,"""Tea of Joy""",Chinatown,"""4240 Spring Mountain Rd, Ste 102""",Las Vegas,NV,89102,36.1269184,-115.1968379,4,207,1,Food;Juice Bars & Smoothies;Bubble Tea;Tea Rooms,,,,
6LJRfw8CSF0La5yzaHeN6g,"""Tops Cleaners""",Southeast,"""6235 S Pecos Rd, Ste 103""",Las Vegas,NV,89120,36.0767976,-115.1015253,4,4,1,Dry Cleaning & Laundry;Local Services;Laundry Services,,,,
0VjHFdczi6Nln_nn8bucJQ,"""Pho Bistro""",Eastside,"""4130 S Sandhill Rd, Ste A4""",Las Vegas,NV,89121,36.1139613,-115.0909203,4,119,1,Chinese;Restaurants;Vietnamese,,,,
BpjH1AQ7A0ZhRUY9TbeKtA,"""Brandon Iron""",,"""3965 W Oquendo Rd""",Las Vegas,NV,89118,36.0826667,-115.1922492,4,12,1,Home Services;Contractors;Fences & Gates,,,,
yuWvTW7oB_jxzHuBIxUCJQ,"""GlowZone - Las Vegas""",Spring Valley,"""6630 Arroyo Springs St, Ste 1200""",Las Vegas,NV,89113,36.0682041,-115.2538599,4,168,1,Arts & Entertainment;Arcades;Event Planning & Services;Venues & Event Spaces;Challenge Courses;Active Life;Mini Golf,,,,
qR3mHjoBWv_KN05Lii6x5Q,"""DMV Made Easy""",Spring Valley,"""8250 W Flamingo Rd""",Las Vegas,NV,89147,36.116743,-115.274549,4,8,0,Public Services & Government;Professional Services;Automotive;Departments of Motor Vehicles;Marketing;Registration Services,,,,
jc0-xblE8ChUcfdfzbBTtw,"""Babydoll Beauty Couture""",,"""1940 N Decatur Blvd, Unit 110""",Las Vegas,NV,89130,36.1947321,-115.2055506,4,12,1,Cosmetics & Beauty Supply;Jewelry;Hair Salons;Beauty & Spas;Hair Stylists;Hair Extensions;Shopping,,,,
yG-66F8kguj2rTHfr1gUag,"""U.S. Bank""",Southwest,"""4820 Blue Diamond Rd""",Las Vegas,NV,89139,36.033018,-115.2067075,4,5,1,Banks & Credit Unions;Financial Services,,,,
1CqoZukTwTX3uBANqqmNPg,"""Royal Refrigeration Air Conditioning & Heating""",,"""5150 Arville St""",Las Vegas,NV,89118,36.096118,-115.198145,4,12,1,Appliances & Repair;Heating & Air Conditioning/HVAC;Home Services;Local Services,,,,
GW-vTdsS8fFkkfF6gNG0CQ,"""Sanchos's Mexican Grill""",,"""2021 W Sunset Rd""",Henderson,NV,89014,36.0686726,-115.0695301,4,22,1,Restaurants;Mexican,,,,
MyuiXCuGMY71YGDMxiRY7w,"""Promo Direct""",,"""931 American Pacific Dr, Ste 100""",Henderson,NV,89014,36.0415425,-115.0261885,4,4,1,Shopping;Professional Services;Marketing;Advertising;Wholesale Stores,,,,
CM1_WX7IxH8pVwoUUVo3ZA,"""Clear Quality Auto Glass""",,"""5351 S Decatur Blvd, Ste 200""",Las Vegas,NV,89118,36.0925911,-115.2096175,4,8,1,Car Window Tinting;Automotive;Windshield Installation & Repair;Auto Glass Services,,,,
-D6sOOfxh-3n0C8uQiN6Hw,"""Postal Pros""",Southeast,"""9480 S Eastern Ave, Ste 105""",Las Vegas,NV,89123,36.0160686,-115.1176322,4,5,0,Shipping Centers;Local Services,,,,
Gdv3qhsDeQzZ2Ag-Tzq6vA,"""Rocco's NY Pizzeria""",Summerlin,"""10860 W Charleston Blvd, Ste 190""",Las Vegas,NV,89135,36.16122701,-115.3329908,4,281,1,Pizza;Restaurants,,,,
ObZ44EcN9QTPgTUM_vJiIQ,"""Homewood Asset Management & Realty""",,"""8935 S Pecos Rd, Ste 21C""",Henderson,NV,89074,36.0270812,-115.1012094,4,4,1,Real Estate Services;Home Services;Real Estate;Property Management;Real Estate Agents,,,,
KzOQQiD91opOqFy2hxKNOA,"""Carol Drake - State Farm Insurance Agent""",,"""1913 N Green Valley Pkwy, Ste A""",Henderson,NV,89074,36.0425742,-115.0827725,4,7,1,Insurance;Auto Insurance;Home & Rental Insurance;Financial Services,,,,
Q6qI_1C0q2E-GQCl47mFUQ,"""Auntie Anne's""",Southeast,"""7400 Las Vegas Blvd, Unit C-2""",Las Vegas,NV,89123,36.0549747,-115.1690569,4,4,1,Food;Pretzels,,,,
vUO9EOkWtxa5vQiaOps7OA,"""Experienced Merchandise""",,"""525 Nevada Hwy""",Boulder City,NV,89005,35.974183,-114.8460304,4,3,1,Shopping;Accessories;Fashion;Thrift Stores,,,,
Nhtv-wsuUgaEC6bGkHWs7g,"""Kidfixers Pediatrics""",Summerlin,"""10105 Banburry Cross Dr, Ste 170""",Las Vegas,NV,89144,36.1828345,-115.316362,4,61,1,Pediatricians;Doctors;Health & Medical,,,,
6moyGCGQoZZdFVsGk-O2_g,"""Home Maid""",Summerlin,"""8510 W Lake Mead Blvd""",Las Vegas,NV,89128,36.1990253,-115.2798693,4,5,1,Home Services;Home Cleaning;Local Services;Carpet Cleaning,,,,
pzcqjJ3iBfjQyt8PzgHsYQ,"""7-Eleven""",Northwest,"""4800 N Jones Blvd""",Las Vegas,NV,89130,36.24684626,-115.225008,4,4,1,Automotive;Food;Grocery;Gas Stations;Convenience Stores,,,,
1nFY0M4KXYdE5Y2yBqX_Qg,"""Sky Van Lines""",,"""4500 Andrews St, Ste E""",North Las Vegas,NV,89081,36.24282928,-115.0871645,4,32,1,Movers;Home Services,,,,
9QtHDX71JnaQbmzWWVbi-A,"""Quark's Bar & Restaurant""",Eastside,"""Star Trek The Experience, 3000 Paradise Rd""",Las Vegas,NV,89109,36.1371122,-115.1529193,4,42,0,Restaurants;American (New),,,,
4ztVRM5aISy1cjLhNB8uQA,"""A Bonanza East Dental""",Sunrise,"""4890 E Bonanza Rd""",Las Vegas,NV,89110,36.1743171,-115.0660603,4,5,1,Dentists;General Dentistry;Health & Medical,,,,
ffj_p3iKT4GejZhD-CpV_g,"""Dave's Automotive""",Southeast,"""6000 S Eastern Ave""",Las Vegas,NV,89119,36.0803627,-115.117568,4,20,1,Automotive;Auto Repair,,,,
VRTfAP2DjvUYxRY3dw37hA,"""Spa and Salon at Bellagio""",The Strip,"""3600 S Las Vegas Blvd""",Las Vegas,NV,89109,36.11176081,-115.1768204,4,176,1,Gyms;Beauty & Spas;Active Life;Fitness & Instruction;Hair Salons;Day Spas,,,,
5LNZ67Yw9RD6nf4_UhXOjw,"""The Cosmopolitan of Las Vegas""",The Strip,"""3708 Las Vegas Blvd S""",Las Vegas,NV,89109,36.109746,-115.173888,4,3772,1,Hotels;Event Planning & Services;Casinos;Hotels & Travel;Arts & Entertainment,,,,
wZFQtn8-oMVSUDhmvtmMXQ,"""Rhodes Ranch Dental""",Southwest,"""7345 S Durango Dr, Ste 112""",Las Vegas,NV,89148,36.0548179,-115.2812543,4,13,1,Endodontists;Health & Medical;General Dentistry;Dentists,,,,
rfnBbkXc0q234rkDmmDeNQ,"""Destination Manhattan""",Spring Valley,"""4280 S Hualapai Way""",Las Vegas,NV,89147,36.11208344,-115.3143158,4,24,0,Beauty & Spas;Day Spas,,,,
cOnkmR8Nd6CQRKmpzwb6wQ,"""Mary Preheim Group""",Anthem,"""2855 Saint Rose Pkwy""",Henderson,NV,89052,36.0062393,-115.1097958,4,4,1,Real Estate;Real Estate Services;Home Services;Real Estate Agents,,,,
RPcR1mgwXTc-4FUx6xO7UQ,"""California Bullets Cheer Gym""",Southeast,"""1505 Helm Dr""",Las Vegas,NV,89119,36.0677657,-115.1307879,4,4,1,Gymnastics;Recreation Centers;Active Life,,,,
uJ4lJXKzxcM0-A5df2hgFg,"""Lawrence Newman - Las Vegas Urologist""",Spring Valley,"""5320 S Rainbow Blvd, Ste 272""",Las Vegas,NV,89118,36.091824,-115.2420593,4,10,1,Health & Medical;Doctors;Urologists,,,,
LpjoMIMDTr9tagtp1Gb2Dw,"""Safari Landscaping""",Northwest,"""6829 Sheffield""",Las Vegas,NV,89108,36.23933285,-115.2446383,4,32,1,Home Services;Home Decor;Home & Garden;Local Services;Landscape Architects;Shopping;Irrigation;Landscaping,,,,
4YEAuB5Ophy1pHlqaw15xQ,"""Animal Emergency Center""",Southeast,"""3340 E Patrick Ln""",Las Vegas,NV,89120,36.0793373,-115.1028274,4,61,1,Health & Medical;Pet Services;Emergency Medicine;Veterinarians;Pets;Doctors;Emergency Pet Hospital;Emergency Rooms,,,,
QtitOExaPGBpd1He-WNUsQ,"""G E Hendricks, OD""",,"""61 E Lake Mead Pkwy""",Henderson,NV,89015,36.0378387,-114.9842645,4,3,1,Eyewear & Opticians;Optometrists;Health & Medical;Shopping,,,,
xvdDcG7oWT_KxU9fnd2j_w,"""Breakfast & Grill Cafe""",University,"""4550 S Maryland Pkwy, Ste D""",Las Vegas,NV,89119,36.1067927,-115.1364724,4,59,1,Food;Breakfast & Brunch;Restaurants;American (Traditional),,,,
Av3s9LVE5xEBW6Z7FiQWyQ,"""Amy's Hallmark Shop""",Westside,"""9911 W Charleston Blvd, Ste 2""",Las Vegas,NV,89117,36.1579269,-115.3132315,4,11,1,Flowers & Gifts;Arts & Crafts;Shopping;Gift Shops;Event Planning & Services;Cards & Stationery,,,,
OrAc9grH4J8yawkwUEymMA,"""The Ice Rink at Boulevard Pool""",The Strip,"""The Cosmopolitan Of Las Vegas, 3708 Las Vegas Blvd S""",Las Vegas,NV,89109,36.1098657,-115.1737118,4,98,1,Active Life;Skating Rinks,,,,
zbRtvgJfJKVMTIt1JZ309g,"""Charming Charlie""",The Strip,"""3200 Las Vegas Blvd S, Ste 2126, Fashion Show Mall""",Las Vegas,NV,89109,36.1272241,-115.1715512,4,4,1,Shopping;Jewelry;Accessories;Women's Clothing;Fashion,,,,
WRuNsvo00bAUDmu_cbQxmw,"""Hattitude""",The Strip,"""3663 Las Vegas Blvd S""",Las Vegas,NV,89109,36.1107323,-115.1722365,4,24,1,Hats;Fashion;Accessories;Shopping,,,,
#NAME?,"""Kopper Keg South""",Southeast,"""2375 E Torino Ave""",Las Vegas,NV,89123,36.0290393,-115.1193516,4,22,1,Restaurants;American (Traditional),,,,
3Uwi0jRkPSXMMzEnPlT2GQ,"""Oasis Las Vegas RV Resort""",Southeast,"""2711 W Windmill Ln""",Las Vegas,NV,89123,36.0407816,-115.1782385,4,123,1,Hotels & Travel;RV Parks,,,,
_JwfmRh0T8mEEx-A4FqMOw,"""Tuscany Grill""",Anthem,"""11105 S Eastern Ave""",Henderson,NV,89052,35.9904395,-115.1015688,4,119,1,Restaurants;Italian,,,,
S28d3Nn0UC8nOZlzzbQyBg,"""Classic Cleaners & Alterations""",,"""1331 W Warm Springs Rd, Ste 180""",Henderson,NV,89014,36.0557213,-115.0425665,4,20,1,Dry Cleaning & Laundry;Local Services;Shoe Repair;Sewing & Alterations;Laundry Services;Dry Cleaning,,,,
O7ot_LMlCfLpOP9tBqeNfw,"""Kabuki Japanese Restaurant""",Southeast,"""6605 Las Vegas Blvd South, Ste 147""",Las Vegas,NV,89119,36.0675358,-115.177972,4,545,1,Restaurants;Japanese;Sushi Bars;Asian Fusion,,,,
Yb_vynxYrpw-QM3cXPx0hQ,"""Movado Company Store""",Southeast,"""7400 Las Vegas Blvd S""",Las Vegas,NV,89123,36.0549747,-115.1690569,4,4,1,Shopping;Watches,,,,
vnI5aUYsj_rubcY-A8CdDA,"""Hush Puppies Factory Direct""",Southeast,"""7400 Las Vegas Blvd S, Ste 17""",Las Vegas,NV,89123,36.05315318,-115.170544,4,4,1,Fashion;Shopping;Shoe Stores,,,,
cYwJA2A6I12KNkm2rtXd5g,"""Gordon Ramsay BurGR""",The Strip,"""3667 Las Vegas Blvd S""",Las Vegas,NV,89109,36.110724,-115.172169,4,5447,0,American (Traditional);Burgers;Restaurants,,,,
_M6cf_rx6rMsKaEiLmZVFA,"""Select Physical Therapy""",,"""2650 N Tenaya Way, Ste 180""",Las Vegas,NV,89128,36.207884,-115.2493547,4,3,1,Physical Therapy;Health & Medical,,,,
k93pffXYuJahqlFPl-8N8g,"""Superior Tire - Goodyear Auto Service Center""",,"""4501 E Sunset Rd""",Henderson,NV,89014,36.0704566,-115.0747863,4,99,1,Tires;Auto Repair;Automotive;Oil Change Stations,,,,
cwg2eCILpIJPP1UTxAlTyQ,"""Carrie Maddux - State Farm Insurance Agent""",Sunrise,"""5891 E Charleston Blvd, Ste 140""",Las Vegas,NV,89142,36.15894176,-115.0453127,4,4,1,Insurance;Home & Rental Insurance;Financial Services;Auto Insurance,,,,
pZ542tM-azxBkEn2Xu6WUQ,"""My House Fitness""",Spring Valley,"""9460 W Flamingo Rd, Ste 120""",Las Vegas,NV,89147,36.1155489,-115.2982953,4,8,1,Nutritionists;Trainers;Gyms;Fitness & Instruction;Active Life;Health & Medical;Boot Camps;Weight Loss Centers,,,,
y-ZZe1dz8AMjiAwNVo3h_A,"""Tail and Fin""",Summerlin,"""1910 Village Center Cir, Ste 9""",Las Vegas,NV,89134,36.193162,-115.3041037,4,158,1,Restaurants;Food;Sushi Bars;Poke;Japanese,,,,
h-vvpbPlzrR2KrjVvqBMrA,"""Jackpot Bar & Grill""",,"""4360 S Decatur Blvd""",Las Vegas,NV,89103,36.1106107,-115.2074609,4,16,1,Karaoke;American (Traditional);Bars;Food;Party & Event Planning;Venues & Event Spaces;Sports Bars;Nightlife;Event Planning & Services;Breweries;Restaurants,,,,
lW9omYc1NlPcXq4jZhW2uw,"""Northshore Learning Tree""",Northwest,"""7901 W Gowan Rd""",Las Vegas,NV,89129,36.22549,-115.267954,4,14,1,Local Services;Education;Preschools;Elementary Schools;Child Care & Day Care,,,,
5w4ijV_OqPWhTp4HL4OcRA,"""Desert Dental Specialists""",Westside,"""7520 W Sahara Ave""",Las Vegas,NV,89117,36.1444339,-115.255453,4,3,1,Periodontists;Cosmetic Dentists;Endodontists;Health & Medical;Dentists,,,,
p0awMLrWIDmPRXcGuuXX3g,"""American Technologies, Inc""",,"""70 Corporate Park Drive""",Henderson,NV,89074,36.0359537,-115.0360099,4,7,1,Home Services;Contractors;Damage Restoration,,,,
uS93B9po93SE5RXBmCAUIQ,"""LV Park and Sell""",Westside,"""3115 Meade Ave""",Las Vegas,NV,89102,36.135795,-115.182947,4,5,1,Automotive;Car Dealers;RV Dealers;Boat Dealers,,,,
PeSIVXbiZCWZAbdr397NbQ,"""Stephen Castorino, MD -  Advanced Health and Endocine""",Summerlin,"""653 N Town Center Dr, Ste 202""",Las Vegas,NV,89144,36.1805637,-115.3159257,4,13,1,Weight Loss Centers;Endocrinologists;Health & Medical;Doctors,,,,
TspQ9jCczz436RiJHJQYZw,"""Fresh Kabob""",Southeast,"""1405 E Sunset Rd, Ste 130""",Las Vegas,NV,89119,36.07146268,-115.1341723,4,203,1,Mediterranean;Restaurants,,,,
VVvJ9tX9uwl07GRnVIX5SA,"""High Roller Deli""",University,"""4440 S Maryland Pkwy""",Las Vegas,NV,89119,36.1084263,-115.1373615,4,5,0,Restaurants;Italian;Delis,,,,
tZqG8XeaVSY157QpqREuXw,"""Modern Dental Care""",Southeast,"""9895 S Maryland Pkwy, Ste A""",Las Vegas,NV,89183,36.010143,-115.1371827,4,48,1,Dentists;Oral Surgeons;Health & Medical;Dental Hygienists;General Dentistry;Cosmetic Dentists;Pediatric Dentists,,,,
PU46ghXwFt84kGBWSaLnMg,"""Hair We R""",Southeast,"""5025 S Eastern Ave, Ste 8""",Las Vegas,NV,89119,36.0975709,-115.1196375,4,8,1,Barbers;Beauty & Spas,,,,
HsEStDB_LB6x0LuXQ6LP4A,"""Khoury's Mediterranean Restaurant""",Westside,"""9340 W Sahara Ave, Ste 106""",Las Vegas,NV,89117,36.1475888,-115.2991698,4,220,1,Greek;Lebanese;Mediterranean;Restaurants;Middle Eastern;Sandwiches,,,,
4IN3sNUrqA8uLiLcBg-IWA,"""Flour & Grounds""",,"""1650 W Warm Springs Rd""",Henderson,NV,89014,36.05700598,-115.0566596,4,22,0,Cafes;Coffee & Tea;Bakeries;Vegan;Food;Restaurants,,,,
5exz18duMXvg91ZPdNX3eA,"""Blue Ribbon Fried Chicken - Grand Bazaar""",The Strip,"""3623 Las Vegas Blvd S""",Las Vegas,NV,89109,36.1141451,-115.1719886,4,108,1,Restaurants;Chicken Shop,,,,
_RsOY06IHufwmtys-bEzJA,"""Author's Cafe""",,"""280 S Green Valley Pkwy""",Henderson,NV,89012,36.0205587,-115.0834631,4,5,0,Public Services & Government;Libraries,,,,
7mYi03nDHCyUF7eBymCNEw,"""Whitney Ranch Dental""",,"""1001 Whitney Ranch Dr""",Henderson,NV,89014,36.0786997,-115.0535925,4,15,1,Cosmetic Dentists;General Dentistry;Dentists;Health & Medical;Orthodontists,,,,
4JkGjRRc3XucG9U8XwthGg,"""China Gourmet""",Sunrise,"""2585 S Nellis Blvd, Ste 7""",Las Vegas,NV,89121,36.14271809,-115.0661981,4,86,1,Restaurants;Chinese,,,,
HvTEmjApeWQxZXJJ9p-I1w,"""Fiesta Hair & Tan""",Sunrise,"""4430 E Charleston Blvd, Ste 3""",Las Vegas,NV,89104,36.1590338,-115.0794803,4,10,1,Hair Salons;Tanning;Beauty & Spas,,,,
e9q0RPoKoja0C4Q_a6cnZA,"""Smoke's Poutinerie""",Downtown,"""725 Las Vegas Blvd S""",Las Vegas,NV,89101,36.161205,-115.145457,4,51,0,Restaurants;Poutineries,,,,
UNVYKGIq6jwcAnP1sT7jgg,"""Harry's Dora Maria Family Restaurant""",,"""4889 E Craig Rd""",Las Vegas,NV,89115,36.240065,-115.067143,4,5,0,Restaurants;Mexican,,,,
jESNvUU4zGqQ0c0XEdo5kA,"""Visionworks""",,"""681 Mall Ring Cir""",Henderson,NV,89014,36.065797,-115.045795,4,16,1,Health & Medical;Shopping;Eyewear & Opticians;Optometrists,,,,
eUuKXhloFVHdQsLdodcLbw,"""Parsley Modern Mediterranean""",Southeast,"""6420 S Pecos Rd""",Las Vegas,NV,89120,36.072381,-115.100413,4,354,1,Vegan;Vegetarian;Restaurants;Mediterranean,,,,
0KjY3gmtqQjc4sK-uG-6fQ,"""Pink Box Doughnuts""",Anthem,"""10251 S Eastern Ave, Ste C""",Henderson,NV,89052,36.0033972,-115.1104709,4,318,1,Bakeries;Food,,,,
hHEuNT81YA6sLmmDn2cS5A,"""Vegas Vaughn Photography""",Northwest,"""""",Las Vegas,NV,89129,36.2330997,-115.2719048,4,4,1,Video/Film Production;Professional Services,,,,
LPnGdeEJyMMO02e02PqZBA,"""P.J. Clarke's New York Chophouse""",The Strip,"""The Forum Shops At Caesars Palace, 3500 S Las Vegas Blvd""",Las Vegas,NV,89109,36.118399,-115.172945,4,235,0,Seafood;Gastropubs;Restaurants;American (New);Steakhouses,,,,
hemyav9xG7k2uoZCVpJ5Nw,"""GC Tours""",The Strip,"""3565 Las Vegas Blvd S, Ste 165""",Las Vegas,NV,89109,36.1169271,-115.1724407,4,32,1,Hotels & Travel;Tours,,,,
J2PUOFhykcKN0GeM7Epoew,"""M & M Electric""",,"""3655 W Dewey Dr""",Las Vegas,NV,89118,36.08785,-115.188274,4,5,1,Home Services;Electricians,,,,
b2oLwfXjLiGVLDBdsFfOJg,"""Classylash & Spa Services""",Westside,"""8751 W Charleston Blvd""",Las Vegas,NV,89117,36.1584817,-115.2857741,4,14,1,Beauty & Spas;Eyelash Service;Day Spas,,,,
LPnbHWVedn2oX3WGkHOJSQ,"""Jason's Deli""",,"""100 N City Pkwy""",Las Vegas,NV,89106,36.1742769,-115.147894,4,40,1,Restaurants;Delis;Sandwiches;Salad,,,,
yR-SdS2qU7xlERx8CPHYbg,"""32 Degree Draft Bar""",,"""12300 Las Vegas Blvd S""",Henderson,NV,89044,35.96557984,-115.1695435,4,50,1,Nightlife;Bars;Sports Bars,,,,
c3ChAxySmjRtM7S6FCxx4A,"""L Nails & Spa""",Anthem,"""11115 S Eastern Ave, Ste 120""",Henderson,NV,89052,35.9902393,-115.1010409,4,13,1,Nail Salons;Beauty & Spas,,,,
uAqyrHdOMctwbAhoLaTfNw,"""Fantastic Sams Hair Salons""",,"""5965 W. Tropicana""",Las Vegas,NV,89103,36.09893104,-115.2232592,4,19,1,Hair Salons;Beauty & Spas;Barbers,,,,
N6Ngxip89fHpdfdaAmMURQ,"""Larry Keever - State Farm Insurance Agent""",Summerlin,"""10300 W Charleston Blvd, Ste 22""",Las Vegas,NV,89135,36.1606428,-115.320685,4,3,1,Financial Services;Insurance;Auto Insurance;Home & Rental Insurance,,,,
cxZaoWq6x28AYgj7yhl5wA,"""Getting Legal""",Westside,"""2621 W Charleston Blvd""",Las Vegas,NV,89102,36.1584742,-115.1776056,4,19,1,Naturopathic/Holistic;Medical Cannabis Referrals;Cannabis Clinics;Doctors;Health & Medical,,,,
wPxrC9l4c4IGgLVancQzgA,"""Heaven's Cookie & Creations""",South Summerlin,"""3370 S Hualapai Way, Ste 145""",Las Vegas,NV,89117,36.1284289,-115.314551,4,5,0,Desserts;Bakeries;Food,,,,
ekINl6zdF0ABtzvuBIjPSw,"""McGhie's Ski, Bike & Board""",,"""19, Ste phanie""",Henderson,NV,89015,36.0302654,-115.0472625,4,34,1,Sporting Goods;Shopping,,,,
DzUfIGc1Tk4UW7F5_yZ8tA,"""Oliver Peoples Las Vegas""",Downtown,"""875 S Grand Central Pkwy, Ste 1605, Las Vegas Premium Outlets""",Las Vegas,NV,89106,36.1634205,-115.1588431,4,18,1,Eyewear & Opticians;Shopping,,,,
7fvqqwVzVNGtea6v5f1yVQ,"""Bob's Market""",,"""70 E Centennial Pkwy""",Las Vegas,NV,89101,36.276777,-115.1391375,4,15,1,Gas Stations;Food;Automotive;Grocery;Convenience Stores,,,,
LRWM3vktESJJEYpBs-_x4g,"""Papa Murphy's""",,"""175 North Stephanie St, Ste 160""",Henderson,NV,89074,36.04030264,-115.0475952,4,34,1,Food;Restaurants;Pizza,,,,
Y5Kf9tRVcibObhSQ7AAIog,"""Crowbar""",Westside,"""1113 S Rainbow Blvd""",Las Vegas,NV,89146,36.1582265,-115.2446302,4,28,0,Bars;Sports Bars;Beer;Wine & Spirits;Food;Dive Bars;Nightlife,,,,
Z411-jn51XGq7Xym7oWkwQ,"""Port of Subs""",Spring Valley,"""5801 S Decatur Blvd, Ste 160""",Las Vegas,NV,89118,36.08468228,-115.2085028,4,10,1,Restaurants;Event Planning & Services;Sandwiches;Caterers,,,,
GdE5ZF7XMDyjwBVB_5qszA,"""Northside Nathan's""",Spring Valley,"""9320 W Flamingo Rd""",Las Vegas,NV,89147,36.1152241,-115.2939712,4,28,0,Pizza;Restaurants,,,,
dROPIU4T7nEWA8SSm0oU-g,"""V Boutique & Salon""",,"""800 N Rainbow, Ste 218""",Las Vegas,NV,89107,36.1803263,-115.2416741,4,5,0,Shopping;Women's Clothing;Cosmetics & Beauty Supply;Fashion;Eyelash Service;Nail Salons;Beauty & Spas;Accessories;Skin Care,,,,
P2uRw9HPCTuUOc0x06-oLA,"""Acura of Las Vegas Service""",Westside,"""7000 W Sahara Ave""",Las Vegas,NV,89117,36.1448266,-115.2467493,3.5,37,1,Automotive;Auto Repair,,,,
SsN-SaGGkJn2Qm-jSDQ4aQ,"""Trevi""",The Strip,"""3500 S Las Vegas Blvd""",Las Vegas,NV,89109,36.11896409,-115.1757905,3.5,771,1,Pizza;American (Traditional);Restaurants;Ice Cream & Frozen Yogurt;Italian;Food,,,,
EVpjpTaSUdeXG0b69krzAQ,"""Subway""",Spring Valley,"""5693 S Jones Blvd, Ste 121""",Las Vegas,NV,89118,36.08692056,-115.2255934,3.5,13,1,Vegetarian;Fast Food;Restaurants;Sandwiches,,,,
Ki-1R4iNjglfsuTFQmIOFA,"""Bubby's University""",Spring Valley,"""4570 S Hualapai Way""",Las Vegas,NV,89147,36.10642242,-115.3143082,3.5,52,1,Nightlife;Bars;Sports Bars,,,,
ru35Z92NtGynsmw0iZDarQ,"""Tony's Mexican Food""",Spring Valley,"""5752 S Ft Apache Rd, Ste 100""",Las Vegas,NV,89148,36.08382209,-115.2970706,3.5,123,1,Mexican;Restaurants,,,,
zNnddmmMiW9aKBccTTGoXw,"""Starbucks""",,"""6120 N Decatur Blvd, Ste 100""",North Las Vegas,NV,89131,36.27141104,-115.2064739,3.5,38,1,Coffee & Tea;Food,,,,
lxT2a6qDf4zcVZrDiY47eQ,"""Pandullo Law""",Downtown,"""400 S 4th St, Ste 500""",Las Vegas,NV,89101,36.1660489,-115.1449643,3.5,5,1,Lawyers;Criminal Defense Law;Professional Services;DUI Law;Personal Injury Law,,,,
wK8XNb8swzQJrru35cVJow,"""7-Eleven""",,"""4800 W Washington Ave""",Las Vegas,NV,89107,36.1812587,-115.2064828,3.5,3,1,Food;Grocery;Gas Stations;Automotive;Convenience Stores,,,,
LBVNBYNgopam1CzqPUPVvQ,"""Ginza Sushi""",,"""375 N Stephanie St, Ste 311""",Henderson,NV,89014,36.0542524,-115.0469435,3.5,42,0,Japanese;Restaurants;Sushi Bars,,,,
TdEi3hj4t9086BqlhzjcRg,"""Comprehensive Cancer Centers of Nevada, Horizon Ridge""",Anthem,"""2460 W Horizon Ridge Pkwy""",Henderson,NV,89052,36.006564,-115.0934777,3.5,5,1,Doctors;Diagnostic Services;Oncologist;Health & Medical;Medical Centers;Sleep Specialists,,,,
wiXeRnQMpG2VVtamiIvT6Q,"""Oasis Spa""",,"""4780 W Tropicana Ave, Ste 105""",Las Vegas,NV,89103,36.1014914,-115.2054234,3.5,69,1,Beauty & Spas;Massage;Health & Medical;Day Spas;Reflexology,,,,
lKOvx_aAXiXQGooZ-4bq9Q,"""Pin Kaow Thai Restaurant""",,"""9530 S Eastern Ave, Ste 100""",Henderson,NV,89123,36.01621883,-115.117161,3.5,432,1,Thai;Restaurants,,,,
rt9ozlw0qG4OmFwzBFSarA,"""Myint Facial Plastic & Cosmetic Surgery""",Westside,"""2598 Windmill Pkwy""",Henderson,NV,89074,36.1436642,-115.2648069,3.5,7,1,Doctors;Cosmetic Surgeons;Health & Medical,,,,
8IY7Ke86FdTCAgidNTk8eA,"""Apache Joes Bar & Grill""",Southeast,"""5040 Broadbent Blvd""",Las Vegas,NV,89122,36.097435,-115.029413,3.5,19,1,Beer;Wine & Spirits;Food;Bars;Pool Halls;Nightlife,,,,
1SqLPgnZEVeVYDM-AuoFhg,"""Pop's Philly Steaks""",Westside,"""501 S Decatur Blvd""",Las Vegas,NV,89107,36.166261,-115.205674,3.5,534,1,Restaurants;Sandwiches;Cheesesteaks,,,,
zZn22GJCl6f2fCrnUBQhcA,"""Rubio's""",,"""7300 Aliante Pkwy""",North Las Vegas,NV,89084,36.2919853,-115.1806678,3.5,18,1,Event Planning & Services;Salad;Restaurants;Caterers;Seafood;Mexican,,,,
JhRxDdmZSGDG_u7cGxaYrw,"""California Pizza Kitchen""",South Summerlin,"""10945 Oval Park Dr""",Las Vegas,NV,89135,36.15151159,-115.3318271,3.5,188,1,Restaurants;American (Traditional);Nightlife;Bars;Cocktail Bars;Pizza,,,,
HVFKw_1abKVGYscxYKlKYA,"""Al's Beef""",Westside,"""6840 W Sahara Ave""",Las Vegas,NV,89146,36.14463432,-115.2415717,3.5,168,0,Restaurants;Hot Dogs;Italian;Sandwiches,,,,
wFULjXluYStppwSXvpQJWw,"""StorageOne""",Northwest,"""4850 N Jones Blvd""",Las Vegas,NV,89130,36.2472886,-115.225199,3.5,7,1,Automotive;Local Services;Truck Rental;Self Storage,,,,
oYPpWHgsjcIt-tUzGXk_eA,"""Sammy's L.A. Pastrami & Burgers""",,"""4035 S Decatur Blvd""",Las Vegas,NV,89103,36.1154362,-115.2081788,3.5,194,0,Restaurants;Sandwiches;Burgers;Hot Dogs,,,,
BeRru_WmkGbOJGWMfTaBIA,"""Obsession Beauty Salon""",Downtown,"""1203 E Charleston Blvd, Ste 150""",Las Vegas,NV,89104,36.1593306,-115.135877,3.5,3,1,Beauty & Spas;Hair Salons,,,,
StiVCEQ7Z2BSF6eaWH5KeA,"""Crafted Bar""",Southeast,"""Mccarran Airport""",Las Vegas,NV,89119,36.08462264,-115.1503638,3.5,4,1,Beer;Wine & Spirits;Food,,,,
rTS8LsUmNIiXsXydE49tPA,"""Margaritaville""",The Strip,"""3555 Las Vegas Blvd S""",Las Vegas,NV,89109,36.117162,-115.172409,3.5,1327,1,Burgers;Nightlife;American (New);Bars;Music Venues;American (Traditional);Seafood;Arts & Entertainment;African;Restaurants,,,,
O_C-2kZMHGnq3ZDL_OaG6Q,"""Morels French Steakhouse & Bistro""",The Strip,"""3325 Las Vegas Blvd S""",Las Vegas,NV,89109,36.12460358,-115.1689885,3.5,614,1,Restaurants;Steakhouses;Lounges;Nightlife;French;Bars,,,,
sPNTGNv_3trjiUF5kxgtkw,"""Sto Nino filipino asian market""",,"""955 W Craig Rd, Ste 114""",North Las Vegas,NV,89032,36.238361,-115.154932,3.5,6,0,Grocery;Food,,,,
C7JaaErXLB3B3486LfWg5w,"""Findlay Honda Henderson""",,"""933 Auto Show Dr""",Henderson,NV,89014,36.0443847,-115.0261569,3.5,318,1,Car Dealers;Auto Parts & Supplies;Auto Repair;Automotive,,,,
QMPDsRxHmDtap9ECO1Uwjg,"""Mr Eat'z""",,"""6386 W Lake Mead Blvd""",Las Vegas,NV,89108,36.1964168,-115.2325496,3.5,60,1,Pizza;Restaurants,,,,
M3cRrpdpF4TrIIXiD7qRzA,"""Famous Dave's""",Southeast,"""8040 Las Vegas Blvd S""",Las Vegas,NV,89123,36.043483,-115.171085,3.5,3,0,Restaurants;Barbeque,,,,
HISTKUfhcGd9G5Esan_wrw,"""US Post Office""",,"""1680 W Sunset Rd""",Henderson,NV,89014,36.0643103,-115.0590293,3.5,7,1,Post Offices;Convenience Stores;Food;Public Services & Government,,,,
fXJd3YjSBN6j8GC48SaFIA,"""WHASN Southwest""",Spring Valley,"""8285 W Arby Ave, Ste 380""",Las Vegas,NV,89113,36.05842,-115.2721056,3.5,38,1,Obstetricians & Gynecologists;Health & Medical;Doctors,,,,
kUBG2fB0lhszGS24yPcG-A,"""Drizin Law | Probate, Estate Planning, Wills and Trusts""",,"""2460 Professional Ct, Ste 110""",Las Vegas,NV,89128,36.204604,-115.254705,3.5,6,1,General Litigation;Estate Planning Law;Real Estate Law;Lawyers;Business Law;Professional Services;Wills;Trusts;& Probates;Divorce & Family Law,,,,
iR_vhTcQbPN_aEk3HxEQ8A,"""Zen Foot Spa""",Chinatown,"""4770 Spring Mountain Rd, Ste 103""",Las Vegas,NV,89102,36.126636,-115.205762,3.5,139,1,Health & Medical;Reflexology;Day Spas;Beauty & Spas;Massage Therapy,,,,
WcdNwJ1DVcHz_8tzuphweg,"""West Charleston Animal Hospital""",Westside,"""7891 W Charleston Blvd""",Las Vegas,NV,89117,36.1587718,-115.2642728,3.5,99,1,Emergency Pet Hospital;Pets;Pet Sitting;Veterinarians;Pet Services,,,,
fvLNLFLtvcDk8GEmWJxgqg,"""Five Guys""",,"""1321 W Sunset Rd""",Henderson,NV,89014,36.0631777,-115.0441066,3.5,61,1,Restaurants;Fast Food;Burgers,,,,
X6TD8xLS_KMneyOGquOSVQ,"""Blue Diamond Saloon""",Southwest,"""6935 Blue Diamond Rd""",Las Vegas,NV,89178,36.021405,-115.244268,3.5,30,1,Bars;Nightlife,,,,
#NAME?,"""Parkdale Community Center & Water Park""",,"""3200 Ferndale St""",Las Vegas,NV,89121,36.13188724,-115.0773239,3.5,3,1,Active Life;Swimming Pools;Recreation Centers,,,,
_kB1BSKQ5lRzhvcmCY7E0Q,"""Vegas CheeseSteaks""",,"""""",Las Vegas,NV,89108,36.2030945,-115.2244853,3.5,6,0,Restaurants;Food Stands;Food Delivery Services;Food;Steakhouses,,,,
9tjX_OuFofQxLTh9pky8KQ,"""Pinoy Resto Buffet""",Downtown,"""1436 E Charleston Ave""",Las Vegas,NV,89102,36.15936,-115.160712,3.5,6,1,Buffets;Filipino;Restaurants;Asian Fusion,,,,
RpNzAp-2cW9cFgML_zGnXQ,"""Sexy Aphrodita Lingerie""",Downtown,"""1616 Las Vegas Blvd S, Ste 150""",Las Vegas,NV,89104,36.15180617,-115.1524365,3.5,6,0,Lingerie;Fashion;Shopping,,,,
AJWWHQQUxbpc3zCWQCbkHQ,"""Cvs Pharmacy""",Southeast,"""9715 S Maryland Pkwy""",Las Vegas,NV,89183,36.0127748,-115.1377354,3.5,3,1,Drugstores;Shopping,,,,
2yvyB1xP4UoLg0_QsZLLTA,"""Custom Embrodiery LV""",Westside,"""1717 S Decatur Blvd, Ste 4""",Las Vegas,NV,89102,36.1507889,-115.2056107,3.5,5,1,Shopping;Arts & Crafts;Uniforms;Fashion;Embroidery & Crochet;Screen Printing/T-Shirt Printing;Local Services;Screen Printing,,,,
fYD51zAkMh1SxX7UfCDLdQ,"""Huntridge Family Clinic""",Downtown,"""1830 E Sahara, Ste 201""",Las Vegas,NV,89104,36.1456683,-115.1241395,3.5,7,1,Health & Medical;Medical Centers;Doctors;Nurse Practitioner;Family Practice;Hospitals,,,,
VXIOTZb0vghuj9t7YSDWLA,"""Ice Monster Cafe""",Southwest,"""7729 S Rainbow Blvd, Ste 9B""",Las Vegas,NV,89113,36.04812918,-115.2441752,3.5,105,0,Restaurants;Desserts;Coffee & Tea;Food;Ice Cream & Frozen Yogurt;Shaved Ice;Bubble Tea;Cafes,,,,
nxzqOt8sABsgf53c4CgMqg,"""Beso""",Spring Valley,"""Crystal-City  Ctr, 3720 Las Vegas Blvd S""",Las Vegas,NV,89118,36.08081978,-115.2227297,3.5,47,0,Lounges;Steakhouses;Restaurants;Bars;American (New);Nightlife,,,,
WlL0mmy8Y-BRqFjBdsQ6bQ,"""Johnny Cakes""",Anthem,"""2550 Anthem Village Dr, Ste 190""",Henderson,NV,89052,35.9804133,-115.0982395,3.5,5,0,Bakeries;Desserts;Food,,,,
gJyhMfHeLToBC7Ex96FhZQ,"""King's Row RV and Mobile Home Park""",Eastside,"""3660 Boulder Hwy""",Las Vegas,NV,89121,36.1383086,-115.0967332,3.5,7,1,Hotels & Travel;Parks;RV Parks;RV Rental;Active Life;Campgrounds,,,,
1ROp6NSMYaXPqAjo8ubAtA,"""Beneath The Surface Tattoos""",Southeast,"""3345 E Patrick Ln, Ste 138""",Las Vegas,NV,89120,36.078536,-115.102324,3.5,7,1,Arts & Entertainment;Art Galleries;Piercing;Shopping;Tattoo;Beauty & Spas,,,,
F-Nt6tEbS-sF6FJKoBDP5A,"""VCA Black Mountain Animal Hospital""",,"""400 College Dr, Ste A""",Henderson,NV,89015,36.019644,-114.962618,3.5,74,1,Veterinarians;Pets,,,,
Sgq9sPfhF7TjxNf6Dp28tw,"""Let It Shine!  Auto Detailing""",,"""""",Henderson,NV,89012,36.0161023,-115.0584612,3.5,3,0,Auto Detailing;Automotive,,,,
xgrUl5uWTCexTGEWDrVqcg,"""Genesis Restaurant""",,"""4561 W Flamingo Rd""",Las Vegas,NV,89103,36.1148137,-115.2031568,3.5,47,0,Restaurants;Kosher,,,,
XBsQyfCb1T6UlipHy45NOw,"""Raissi Abdi, MD""",Eastside,"""3055 E Flamingo Rd""",Las Vegas,NV,89101,36.1147452,-115.1084176,3.5,10,1,Orthopedists;Doctors;Health & Medical,,,,
dpzrUFu0si9DLGJkesCp1w,"""David Boehrer Law Firm""",,"""375 N Stephanie St, Ste 2213""",Henderson,NV,89014,36.05590667,-115.0515649,3.5,3,1,Lawyers;Professional Services;Personal Injury Law,,,,
WQThS_07NZDydLPoDqhBIg,"""Starbucks""",,"""1500 N Green Valley Pkwy, Bldg 100, Ste 150""",Henderson,NV,89074,36.029729,-115.085875,3.5,53,1,Food;Coffee & Tea,,,,
tpZfJdRi64OTBN4g7lRM3Q,"""Seoul Market""",Southeast,"""1801 E Tropicana Ave, Ste 12""",Las Vegas,NV,89119,36.1001961,-115.1269689,3.5,3,0,Food;Grocery;Korean;Restaurants,,,,
7vNSONJuI4XMrdS_-lDnGQ,"""Pier 1 Imports""",,"""535 N Stephanie St""",Henderson,NV,89014,36.0587982,-115.0481528,3.5,17,1,Home & Garden;Furniture Stores;Shopping,,,,
Cpp-SG0LuJK3oHoplBLsCw,"""Tonya Heers""",Eastside,"""900 E Karen Ave, Ste h-202""",Las Vegas,NV,89109,36.1407213,-115.1430862,3.5,3,1,Lawyers;Professional Services;Criminal Defense Law,,,,
AMe9rb4RdmaQIMCtXEV10w,"""Veterinary Emergency & Critical Care""",Spring Valley,"""8650 West Tropicana Ave, Ste B-107""",Las Vegas,NV,89147,36.1008511,-115.2809922,3.5,105,1,Veterinarians;Pets,,,,
TSHrEyqHJbBbjmnwwmEN8w,"""Shintaro""",The Strip,"""Bellagio Hotel, 3600 Las Vegas Blvd S""",Las Vegas,NV,89109,36.112238,-115.1790843,3.5,12,0,Japanese;Sushi Bars;Restaurants,,,,
fzsgvnRkgfLgH58SyjtHHA,"""Casino Job Center""",Chinatown,"""3355 Spring Mountain Rd, Ste 63""",Las Vegas,NV,89102,36.1259599,-115.1848457,3.5,18,1,Professional Services;Employment Agencies,,,,
pTW2TYYRNXn-jPn7GWn_1Q,"""Roma Garden""",Southeast,"""5715 S Pecos Rd""",Las Vegas,NV,89120,36.085437,-115.102399,3.5,11,0,Restaurants;Italian;Pizza,,,,
07MpHT8TrGDI_UVktfKMPA,"""The Salon At Red Rock""",South Summerlin,"""11011 W Charleston Blvd""",Las Vegas,NV,89135,36.15533227,-115.3324523,3.5,3,1,Hair Salons;Nail Salons;Beauty & Spas;Day Spas,,,,
vrgw4H7tABW45YcGqYfFtQ,"""Water U Love""",Spring Valley,"""3665 S Fort Apache Rd, Ste 103""",Las Vegas,NV,89147,36.1232128,-115.2979709,3.5,15,1,Local Services;Water Delivery,,,,
YYE0C8FeDpB6zqB0kSEh7w,"""Chile Addiction""",Spring Valley,"""4235 S Fort Apache Rd, Ste 260""",Las Vegas,NV,89147,36.11258351,-115.2983212,3.5,237,0,Restaurants;Mexican;New Mexican Cuisine,,,,
oC_DakWWVF2rgjA4dl1hTQ,"""Chicken and Grill""",Northwest,"""4016 N Tenaya Ave""",Las Vegas,NV,89129,36.23363145,-115.250946,3.5,6,0,Restaurants;Fast Food;Mexican,,,,
pr8Mha_nXhkONtwmj9ka4g,"""El Burrito Mexican Restaurant""",Summerlin,"""8508 Del Webb Blvd""",Las Vegas,NV,89134,36.2104502,-115.2794629,3.5,85,1,Mexican;Restaurants,,,,
FB9JRSKk-BaJ9NA-bcpIyQ,"""B Sharp School of Dance""",,"""771 E Horizon Dr, Ste 124""",Henderson,NV,89015,36.0132614,-114.9600657,3.5,3,0,Dance Schools;Education;Specialty Schools,,,,
0bqV9uzFVz98Bn_RImcJTg,"""QDOBA Mexican Eats""",,"""175 N Stephanie St, Ste 100""",Henderson,NV,89074,36.03992958,-115.0474079,3.5,67,1,Fast Food;Mexican;Caterers;Event Planning & Services;Restaurants,,,,
0IpwKPDV25gub5CRxzC1FA,"""Great Clips""",Spring Valley,"""5625 S Rainbow Blvd""",Las Vegas,NV,89118,36.0865493,-115.2438663,3.5,4,1,Beauty & Spas;Hair Salons,,,,
pORB098NY_sSKkOQTMQuTQ,"""Teriyaki Time""",University,"""4550 S Maryland Pkwy, Ste 9""",Las Vegas,NV,89119,36.1066864,-115.1370841,3.5,45,0,Korean;Japanese;Restaurants,,,,
G8LBVca1vOBKYeMCMpajGA,"""Felipito's Mexican Food""",,"""5095 S Decatur Blvd""",Las Vegas,NV,89118,36.097465,-115.2086833,3.5,62,1,Mexican;Restaurants,,,,
aolTlQzu7fMOGtiiEYiX2w,"""Thai Express @ Sahara""",Westside,"""4105 W Sahara Ave""",Las Vegas,NV,89102,36.1441542,-115.196028,3.5,3,0,Thai;Restaurants,,,,
bLCdohUvOM7l1OcXifmblw,"""Simon Restaurant and Lounge""",,"""Palms Place Hotel & Spa, 4381 W Flamingo Rd""",Las Vegas,NV,89103,36.114303,-115.199059,3.5,353,0,Steakhouses;Restaurants;American (New);Breakfast & Brunch;Sushi Bars,,,,
mFqRAO2k3xoiSOEz-Ek6Ag,"""Wendy's""",,"""4507 W Flamingo Rd""",Las Vegas,NV,89103,36.1149289,-115.201958,3.5,5,0,Fast Food;Burgers;Restaurants,,,,
0qPNeqLuKE88rKbIbSZDpg,"""Killer Shrimp""",Southeast,"""6605 S Las Vegas Blvd, Ste 145A""",Las Vegas,NV,89119,36.0692928,-115.1775547,3.5,268,0,American (New);Seafood;Restaurants;Bars;Nightlife,,,,
0nasWPLtVyIrDi5e0o4Zfg,"""Magic of Jason Bird""",The Strip,"""""",Las Vegas,NV,89109,36.128561,-115.1711298,3.5,3,1,Arts & Entertainment;Performing Arts;Local Flavor;Magicians;Event Planning & Services,,,,
LiXy4KBs7opABuCaHRqrhA,"""Forbes KTV Restaurant & Bar""",Chinatown,"""3400 S Jones Blvd, Ste 5B""",Las Vegas,NV,89146,36.1277185,-115.2240628,3.5,10,0,Bars;Chinese;Karaoke;Nightlife;Szechuan;Restaurants,,,,
e1ZqkqjLsUCo4vIBLzaTDA,"""Xplozone Trampoline Park""",Westside,"""2640 S Decatur Blvd""",Las Vegas,NV,89102,36.14242634,-115.2074284,3.5,22,1,Active Life;Trampoline Parks,,,,
pIBuAyEGx8yMtJf6k1j3yA,"""Martinez Taco Bar""",,"""6885 Aliante Pkwy, Ste 106""",North Las Vegas,NV,89084,36.2865843,-115.1794971,3.5,36,0,Mexican;Restaurants,,,,
#NAME?,"""Ann M Wierman, MD""",,"""3150 N Tenaya Way, Ste 200""",Las Vegas,NV,89128,36.2167046,-115.2494125,3.5,3,1,Internal Medicine;Oncologist;Doctors;Health & Medical,,,,
pqRBTPqJJQ7PcRVDey8PBQ,"""The Havana Room & Beach Club""",The Strip,"""3801 S Las Vegas Blvd""",Las Vegas,NV,89109,36.09941358,-115.1703991,3.5,5,1,Venues & Event Spaces;Nightlife;Event Planning & Services,,,,
bvow46stEejfxnnqEKTAyQ,"""Ethel M Chocolate""",,"""2 Cactus Garden Dr""",Henderson,NV,89014,36.0738472,-115.072077,3.5,458,1,Shopping;Specialty Food;Chocolatiers & Shops;Education;Botanical Gardens;Flowers & Gifts;Local Flavor;Food;Arts & Entertainment;Gift Shops;Tasting Classes;Desserts,,,,
c3gYZ3SkTwlS8XpMvsjhxg,"""Casino Monte Lago""",,"""8 Strada Di Villaggio""",Henderson,NV,89011,36.1026006,-114.9285025,3.5,19,0,Arts & Entertainment;Casinos,,,,
9D30X8-RboYmSOECAI4oCw,"""Larkin Plumbing""",,"""1801 Industrial Rd""",Las Vegas,NV,89102,36.1500655,-115.160407,3.5,35,1,Plumbing;Hardware Stores;Home & Garden;Septic Services;Home Services;Shopping;Local Services,,,,
QUdXjr9bYO6H6NRkUrKZOw,"""Stardust Resort & Casino""",The Strip,"""3000 Las Vegas Blvd S""",Las Vegas,NV,89109,36.135534,-115.166527,3.5,14,0,Arts & Entertainment;Hotels & Travel;Casinos;Hotels;Event Planning & Services,,,,
3cSZ93Q4-9zosTCp3lwrhQ,"""Nevada Tactical""",Eastside,"""3776 E Flamingo Rd""",Las Vegas,NV,89121,36.11683843,-115.0928205,3.5,14,1,Shopping;Guns & Ammo;Wholesale Stores;Discount Store;Uniforms;Sporting Goods,,,,
mbjF4qlWNfmLlhQ6-VowHg,"""Golden Grill""",Downtown,"""Gold Spike, 217 Las Vegas Blvd N""",Las Vegas,NV,89101,36.1711573,-115.1402898,3.5,30,0,Lounges;American (Traditional);Restaurants;Bars;Nightlife,,,,
Y66rXwBK4dEiNx_2Tf1X8w,"""Game Stop""",Chinatown,"""7017 W Spring Mountain Rd, Ste 102B""",Las Vegas,NV,89117,36.1252603,-115.2462048,3.5,7,1,Videos & Video Game Rental;Electronics;Toy Stores;Video Game Stores;Shopping;Books;Mags;Music & Video,,,,
WfzZ2V4PPMe7IP9iKak-iw,"""Enterprise Rent-A-Car""",Eastside,"""160 E Flamingo Rd""",Las Vegas,NV,89109,36.114691,-115.166052,3.5,34,1,Car Rental;Hotels & Travel,,,,
EhIMjTklf4QPvRvMIhoQiA,"""Miracle Mile Shops""",The Strip,"""3667 Las Vegas Blvd S""",Las Vegas,NV,89109,36.1098636,-115.1699341,3.5,446,1,Shopping Centers;Shopping,,,,
PSKlvyRwJktbdYsMKcsYgA,"""Chuck Minker Sports Complex""",Downtown,"""275 N Mojave Rd""",Las Vegas,NV,89101,36.1657313,-115.1065454,3.5,4,1,Active Life;Fitness & Instruction;Gyms,,,,
Umr5860Mef_eRpvJLvB-kw,"""Motor Daddy""",Southeast,"""5822 Boulder Hwy""",Las Vegas,NV,89122,36.095835,-115.045929,3.5,3,1,Car Dealers;Automotive,,,,
1UyGHp91RTVdD1aMWwc-oA,"""Dunn-Edwards Paints""",,"""7450 W Lake Mead Blvd, Ste 4""",Las Vegas,NV,89128,36.19633,-115.256029,3.5,3,1,Hardware Stores;Home & Garden;Home Services;Painters;Paint Stores;Shopping;Building Supplies,,,,
Q-QeKF2v7Q-rN-kQ5KmboA,"""A AAA Allstate Door Company""",,"""""",Las Vegas,NV,89103,36.1104125,-115.2067011,3.5,13,1,Shopping;Home Services;Garage Door Services;Home & Garden,,,,
I_SW8XCxWtwUfC1ow6QLrw,"""New York City Bar & Grill""",Chinatown,"""6168 Spring Mountain Rd""",Las Vegas,NV,89146,36.12582513,-115.2263549,3.5,7,0,Nightlife;American (Traditional);Restaurants;Bars,,,,
oFOFgwnrs6DlE1fWaeX2sA,"""Elite Realty""",Southeast,"""8625 S Eastern Ave""",Las Vegas,NV,89123,36.0329636,-115.1194656,3.5,7,1,Real Estate;Home Services;Real Estate Agents;Real Estate Services,,,,
h6gxTk2qkMJfA3fHuJpi6Q,"""Pie Town Pizza""",,"""2833 N Green Valley Pkwy""",Henderson,NV,89014,36.0719188,-115.0824464,3.5,9,0,Restaurants;Pizza,,,,
RQ-0PIyMESz99klcrftaKQ,"""Courtyard Henderson Green Valley""",,"""2800 N Green Valley Pkwy""",Henderson,NV,89014,36.0720526,-115.081595,3.5,41,1,Hotels;Hotels & Travel;Event Planning & Services;Venues & Event Spaces,,,,
O1ei-QBkQT-Kzlp7SxWgVA,"""Terrible Herbst""",Westside,"""6380 W Charleston Blvd""",Las Vegas,NV,89146,36.1597307,-115.2343379,3.5,6,1,Gas Stations;Automotive;Car Wash,,,,
xFH-4vnPwWKBVKe7dp44sw,"""Salon Blew""",Anthem,"""11251 S Eastern Ave, Ste100""",Henderson,NV,89052,35.9874264,-115.1019016,3.5,6,0,Blow Dry/Out Services;Hair Salons;Beauty & Spas,,,,
3WRvQJS9GIBubGxbHMzX2g,"""Chipotle Mexican Grill""",Southeast,"""7370 S Las Vegas Blvd""",Las Vegas,NV,89123,36.0560643,-115.1715838,3.5,109,1,Fast Food;Mexican;Restaurants,,,,
bDvLiWHaZOPk18p958xLOQ,"""Scoops""",Sunrise,"""6775 E Lake Mead Blvd""",Las Vegas,NV,89156,36.19504206,-115.0241216,3.5,5,1,Food;Ice Cream & Frozen Yogurt,,,,
w4cdbB61ycJ5b0CFBpX3Dg,"""Sophia's Pizzeria""",Westside,"""3380 Arville St, Ste C""",Las Vegas,NV,89102,36.1287425,-115.1980492,3,14,1,Pizza;Restaurants;Italian,,,,
SQG6EWdKlY7w0pavEdFW0Q,"""Vegas Velo Bicycles""",,"""691 N Valle Verde Dr, Ste 130""",Henderson,NV,89014,36.0675291,-115.0696152,3,7,0,Bikes;Shopping;Local Services;Sporting Goods;Bike Repair/Maintenance,,,,
7kJBHUgfxJaUqNudYvcjgw,"""Better Life Mobility Centers""",Westside,"""2100 S Decatur Blvd""",Las Vegas,NV,89102,36.14883884,-115.2075205,3,4,1,Health & Medical;Medical Transportation;Car Dealers;Mobility Equipment Sales & Services;Automotive,,,,
8du5JZubqJMfFyJljgyNnA,"""Aliante Yoga""",,"""6905 N Aliante Pkwy, Ste 101""",North Las Vegas,NV,89084,36.285986,-115.1784786,3,3,0,Active Life;Pilates;Yoga;Fitness & Instruction,,,,
bE9SVTYpjgnxM5QwKuCTaQ,"""GNC""",Eastside,"""3538 S Maryland Pkwy, Ste 410""",Las Vegas,NV,89169,36.1251877,-115.1371811,3,6,1,Food;Beauty & Spas;Health Markets;Cosmetics & Beauty Supply;Specialty Food;Vitamins & Supplements;Shopping,,,,
UYig-qxG9zpzuMKns-1tDg,"""Pure Spa & Nails""",,"""4690 W Ann Rd, Ste 3""",North Las Vegas,NV,89031,36.2627618,-115.2051784,3,28,1,Nail Salons;Beauty & Spas,,,,
d_ChHHr-VRbbc5uM4NJrKw,"""CANOPI Cannabis Dispensaries""",Downtown,"""1324 South 3rd St""",Las Vegas,NV,89104,36.1550343,-115.151474,3,5,1,Health & Medical;Cannabis Dispensaries;Shopping;Cannabis Clinics,,,,
TIHkYmCEr5gBpD2FZu0WHA,"""Lake Mead Health and Rehab""",,"""1180 E Lake Mead Dr""",Henderson,NV,89015,36.062525,-114.9626694,3,4,1,Rehabilitation Center;Health & Medical;Retirement Homes;Medical Centers;Physical Therapy,,,,
phndcbS62E6emuRZDJmoQw,"""Hoover Dam Cafe""",,"""Highway 93 At Hoover Dam""",Boulder City,NV,89005,36.014318,-114.744752,3,16,1,Restaurants;Cafes;Food,,,,
#NAME?,"""Hilton Lake Las Vegas Resort & Spa""",,"""1610 Lake Las Vegas Pkwy""",Henderson,NV,89011,36.101953,-114.931908,3,205,1,Event Planning & Services;Hotels;Hotels & Travel,,,,
PuBglZx9oQl_40_z7JSJwg,"""Kids Turf Academy 2""",Southeast,"""1380 E Silverado Ranch Blvd""",Las Vegas,NV,89183,36.01475525,-115.1339865,3,14,1,Child Care & Day Care;Local Services,,,,
35fWtS1LZkaZ-ooKupJ1XA,"""Buffalo Wild Wings""",The Strip,"""3663 Las Vegas Blvd, Ste 600""",Las Vegas,NV,89109,36.10840219,-115.1716534,3,157,1,American (Traditional);Chicken Wings;Sports Bars;Restaurants;Bars;Nightlife,,,,
CbBwpD6jKxCGucf2A99hxg,"""Sally Beauty Supply""",,"""840 S Boulder Hwy""",Henderson,NV,89015,36.027341,-114.964997,3,9,1,Cosmetics & Beauty Supply;Shopping;Beauty & Spas,,,,
iDXsNMPRGv_YIU-DJ2BouQ,"""Petra Greek Taverna""",Westside,"""Tivoli Village - Redrock/Summerlin, 440 S Rampart Blvd""",Las Vegas,NV,89145,36.1666763,-115.2870302,3,75,0,Na,,,,
1g47zyA_utx8mpgmtLc6tg,"""Teriyaki Madness""",The Lakes,"""9151 W Sahara, Ste 104""",Las Vegas,NV,89117,36.1440204,-115.2971864,3,21,1,Fast Food;Asian Fusion;Japanese;Hawaiian;Restaurants,,,,
ao5o8sViK6eYGjU92-u4Dw,"""Hallmark Outlet""",Southeast,"""7400 S Las Vegas Blvd, Ste 36A""",Las Vegas,NV,89123,36.0549747,-115.1690569,3,4,0,Shopping;Flowers & Gifts,,,,
8Q6jl7OW8DZzwANggDspcw,"""Sugar Factory American Brasserie""",The Strip,"""Paris Las Vegas Hotel, 3655 Las Vegas Blvd S""",Las Vegas,NV,89109,36.11201526,-115.1725316,3,753,0,Nightlife;Breakfast & Brunch;American (New);Restaurants;Bars,,,,
pxTzzbVWWcfc3gevtSD8Ig,"""Internal Medicine Specialists""",Downtown,"""2010 Goldring Ave, Ste 100""",Las Vegas,NV,89106,36.161627,-115.16803,3,8,1,Internal Medicine;Doctors;Health & Medical,,,,
4oO6bsTB2eHinztYGRWPow,"""Walgreens""",,"""4895 Boulder Hwy""",Las Vegas,NV,89121,36.1154231,-115.0659302,3,18,1,Convenience Stores;Shopping;Cosmetics & Beauty Supply;Drugstores;Food;Photography Stores & Services;Beauty & Spas,,,,
y5KAK-uNq1M-cOuqLq2t1g,"""Marie Callender's Restaurant & Bakery""",,"""530 N Stephanie St""",Henderson,NV,89014,36.05959608,-115.045752,3,91,1,Bakeries;Breakfast & Brunch;Food;American (New);Restaurants;American (Traditional),,,,
-74zTQjLpOTzgvPTsN2Z8A,"""WellHealth Women's Specialty Care""",Centennial,"""6850 N Durango Dr, Ste 310""",Las Vegas,NV,89149,36.2857688,-115.2853389,3,21,1,Education;Specialty Schools;Obstetricians & Gynecologists;Medical Centers;Childbirth Education;Doctors;Health & Medical,,,,
1OX9AggXkC9tlijv0zgcog,"""Night School 4 Girls""",The Strip,"""Hardrock Cafe, 3771 S Las Vegas Blvd""",Las Vegas,NV,89109,36.104192,-115.172249,3,17,0,Adult Entertainment;Nightlife,,,,
Y4OpgR5-DrfbW9CV7HOW4g,"""Famous Footwear""",The Strip,"""3771 Las Vegas Blvd, Showcase Mall""",Las Vegas,NV,89109,36.1040794,-115.1727677,3,4,1,Shoe Stores;Shopping;Accessories;Sports Wear;Fashion;Sporting Goods,,,,
8rb2nWVQkn54lMNOBw4hQQ,"""The UPS Store""",Westside,"""8550 W Charleston Blvd, Ste 102""",Las Vegas,NV,89117,36.159901,-115.278969,3,11,1,Printing Services;Notaries;Shipping Centers;Local Services,,,,
iq4ZH6Bo3iGD6E-JAMt1YA,"""Jolie Nails Spa""",Eastside,"""2685 S Eastern Ave""",Las Vegas,NV,89169,36.1410504,-115.1191751,3,17,1,Beauty & Spas;Nail Salons,,,,
8ovqtunN8zGdCbYi-MCTAQ,"""PT's Gold""",Chinatown,"""4424 W Spring Mountain Rd""",Las Vegas,NV,89102,36.12664021,-115.1995477,3,17,1,Bars;Pubs;Restaurants;Gastropubs;Nightlife;American (New);Sports Bars,,,,
9BjhOUQuYP-7g6c4kgzz9A,"""David's Bridal""",,"""631 Marks St""",Henderson,NV,89014,36.06529728,-115.0381775,3,121,1,Bridal;Flowers & Gifts;Shopping;Shoe Stores;Fashion;Lingerie,,,,
JYHhVF2CYXEsJu6zi4XWLQ,"""Famous Footwear Outlet""",Downtown,"""855 S Grand Central Pkwy, Las Vegas Premium Outlet""",Las Vegas,NV,89106,36.1629318,-115.15825,3,5,1,Sporting Goods;Fashion;Discount Store;Sports Wear;Shopping;Shoe Stores;Accessories,,,,
WJ_zJkio3RZB5FvWAzFkTQ,"""Circle K""",Southeast,"""9487 S Las Vegas Blvd""",Las Vegas,NV,89123,36.0170115,-115.1733691,3,13,1,Gas Stations;Convenience Stores;Automotive;Food,,,,
#NAME?,"""Gigi's Cupcakes""",Eastside,"""1150 E Flamingo Rd""",Las Vegas,NV,89119,36.11574948,-115.1389566,3,145,0,Food;Bakeries;Desserts,,,,
fN8U3ac2-Sz3vGC4pKd5xQ,"""Perk N Post""",,"""Lake Las Vegas, 20 Via Bel Canto""",Henderson,NV,89011,36.10237487,-114.9297227,3,16,0,Post Offices;Public Services & Government;Food;Coffee & Tea,,,,
-9Ir5OiFiOszIgeFgalXcw,"""Starbucks""",,"""3700 W Flamingo Rd""",Las Vegas,NV,89103,36.11789215,-115.1871203,3,37,1,Food;Coffee & Tea,,,,
4wkRr3-M_FS9u0OpkSuyog,"""Sin City Vapor""",Westside,"""1750 S Rainbow Blvd, Ste 2""",Las Vegas,NV,89146,36.152795,-115.242542,3,33,1,Tobacco Shops;Local Services;Vape Shops;Shopping,,,,
hQNCDo9CxRc8DARIzIH-ZA,"""Shell Gas Station""",Spring Valley,"""6875 W Russell Rd""",Las Vegas,NV,89118,36.08468012,-115.2422005,3,4,1,Automotive;Gas Stations,,,,
kydOkRL1Ysyr772vQu9pQQ,"""United Shipping and Mailboxes""",Spring Valley,"""6085 S Fort Apache Rd, Ste 160""",Las Vegas,NV,89148,36.0782601,-115.2985593,3,6,0,Notaries;Printing Services;Mailbox Centers;Shipping Centers;Local Services,,,,
3HSfvse-uDmmMNAUiWIVBQ,"""Nora Blue""",The Strip,"""3930 Las Vegas Blvd S""",Las Vegas,NV,89119,36.0912617,-115.1742471,3,5,1,Fashion;Shopping;Women's Clothing;Accessories,,,,
UoxFv57_9nl6jw84qNDt2A,"""A & R Carpet Care""",Summerlin,"""""",Las Vegas,NV,89128,36.1988542,-115.2659777,3,7,1,Local Services;Carpet Cleaning,,,,
XYJAFyCR5eEMrdVUTONtMQ,"""Excellence Foot Spa""",Chinatown,"""4840 Spring Mountain Rd, Ste 3""",Las Vegas,NV,89102,36.1262925,-115.2067369,3,35,1,Beauty & Spas;Massage,,,,
8UMFvFWmSpfl8JZ_jm1K3A,"""Blue Dog RV""",Southeast,"""5220 E Russell Rd""",Las Vegas,NV,89122,36.0863387,-115.0589979,3,33,1,Automotive;Auto Parts & Supplies;RV Dealers;Trailer Dealers,,,,
e8aRJbv2EMH5DqMzbDK8wQ,"""Taco Bell""",,"""6010 W. Tropicana""",Las Vegas,NV,89103,36.099964,-115.224125,3,29,1,Tex-Mex;Restaurants;Mexican;Fast Food,,,,
GkfO4Lc1osCKItP4lWaVzg,"""Low Cost Paralegal Services""",Downtown,"""720 E Charleston Blvd, Ste 140""",Las Vegas,NV,89104,36.1584739,-115.1439154,3,35,1,Professional Services;Legal Services;Bankruptcy Law;Contract Law;Estate Planning Law;Divorce & Family Law;Lawyers,,,,
SfyEOFps3Q1nO0n6ImvQ_g,"""Fantastic Sams Hair Salons""",Summerlin,"""11700 W Charleston #130""",Las Vegas,NV,89135,36.1599932,-115.3500788,3,13,1,Hair Salons;Beauty & Spas;Barbers,,,,
U7CDGc-fQKybr8q6TEwmAg,"""Caring Hands Animal Hospital""",Northwest,"""4601 N Rancho Dr""",Las Vegas,NV,89130,36.2439038,-115.2369244,3,20,1,Pets;Pet Sitting;Pet Groomers;Veterinarians;Pet Services,,,,
XE6kf2bviFBdGmVI_SJpmA,"""Hogs and Heifers""",Downtown,"""201 N 3rd St""",Las Vegas,NV,89101,36.1718195,-115.1423041,3,201,1,Nightlife;Bars,,,,
jlHpHlfMrw8vAgAVzwaAlA,"""Talk of the Town""",Downtown,"""1238 Las Vegas Blvd S""",Las Vegas,NV,89104,36.15556419,-115.14987,3,28,1,Adult Entertainment;Nightlife,,,,
POSorDeYuZB3tMwiXSNy7w,"""The Ivy Apartments""",Westside,"""8401 W Charleston Blvd""",Las Vegas,NV,89117,36.1580161,-115.275573,3,5,1,Apartments;Real Estate;Home Services,,,,
85qgQW9Ur6f58rOUjiHltA,"""Dignity Health Medical Group - Southwest""",Southwest,"""8205 W Warm Springs Rd""",Las Vegas,NV,89113,36.0547949,-115.271037,3,32,1,Medical Centers;Health & Medical,,,,
4mcbs33VfrZNG5E3SKyMtg,"""Pottery Barn Kids""",Westside,"""1075 S Rampart Blvd""",Las Vegas,NV,89145,36.15960087,-115.2932242,3,37,1,Shopping;Baby Gear & Furniture;Home Decor;Furniture Stores;Home & Garden,,,,
o4q3YRLiWPmmhdOVUu6pCA,"""Sears Carpet Cleaning & Air Duct Cleaning""",,"""4355 W Reno Ave, Ste 1""",Las Vegas,NV,89118,36.0966914,-115.1982996,3,15,1,Carpet Cleaning;Air Duct Cleaning;Heating & Air Conditioning/HVAC;Home Services;Carpeting;Local Services,,,,
WgBV0Sm-yNVgfI__5m1Bug,"""Tropical Smoothie Cafe""",Southwest,"""7375 S Durango Dr, Ste 107""",Las Vegas,NV,89148,36.05440373,-115.2798294,3,174,1,Juice Bars & Smoothies;Food,,,,
MCenmA0zc9gNR1Cwyh4f1A,"""Cleo's Team Dining room""",The Strip,"""3570 S Las Vegas Blvd""",Las Vegas,NV,89109,36.1161559,-115.1750576,3,12,1,American (Traditional);Restaurants,,,,
FHCUhelJWTrsSW6NDHkAKA,"""Sunrun""",Spring Valley,"""""",Las Vegas,NV,89118,36.0809667,-115.2244853,3,16,1,Solar Installation;Home Services,,,,
s5jwbH9fZ0cO7QHY8N_tNg,"""Public Storage""",Eastside,"""4685 E Tropicana Ave""",Las Vegas,NV,89121,36.099573,-115.071441,3,10,1,Local Services;Self Storage,,,,
ZVetFAAt0_j0tEqiakpecA,"""Jack in the Box""",Eastside,"""2970 E Desert Inn Rd""",Las Vegas,NV,89121,36.1301092,-115.1102267,3,11,1,Fast Food;Restaurants,,,,
7FWFzCLx8y4TLCGHSV83yQ,"""Red Persimmon Nails""",Westside,"""8470 W Desert Inn Rd""",Las Vegas,NV,89117,36.1298808,-115.2755271,3,45,1,Beauty & Spas;Nail Salons,,,,
mkhjTkDlEqQGP-1IzfyN7g,"""Mr. Sandwich""",Chinatown,"""3565 S Rainbow Blvd""",Las Vegas,NV,89103,36.1243036,-115.243101,3,16,0,Vietnamese;Restaurants,,,,
90h8U2dFi7hjgk5TruxNEg,"""Proficient Patios & Backyard Designs""",Westside,"""3310 S Valley View Blvd""",Las Vegas,NV,89102,36.129514,-115.18954,3,54,1,Landscaping;Contractors;Home Services,,,,
1_QyS0h0WaZb44KpuYOzFw,"""The UPS Store""",Northwest,"""7065 W Ann Rd, Ste 130""",Las Vegas,NV,89130,36.26126506,-115.2474899,3,16,1,Local Services;Notaries;Printing Services;Shipping Centers,,,,
JZ8Ze0zCl7qy3PgvzOV8Sg,"""Purrfect Auto Service""",Westside,"""2005 S Decatur Blvd""",Las Vegas,NV,89120,36.1494598,-115.2077025,3,16,0,Automotive;Auto Repair;Oil Change Stations;Smog Check Stations,,,,
2mfBO8iZ5E_ULmcxEXqOrw,"""Union Restaurant & Lounge""",The Strip,"""Aria Resort & Casino, 3736 Las Vegas Blvd S""",Las Vegas,NV,89109,36.128561,-115.1711298,3,55,0,Steakhouses;Restaurants;American (New),,,,
Le25wRx7ZbovHuk-oH2wRg,"""Beautify""",Centennial,"""""",Las Vegas,NV,89143,36.3255827,-115.2896852,3,4,1,Landscaping;Pool Cleaners;Home Services;Landscape Architects,,,,
Tz01tl2VlnliktL-Hhc73Q,"""Myxx Hookah Lounge""",Chinatown,"""3400 S Jones Blvd""",Las Vegas,NV,89146,36.1277185,-115.2240628,3,40,0,Bars;Mediterranean;Nightlife;Hookah Bars;Dance Clubs;Restaurants,,,,
qF67qf2lyNl5OsuhAOv9_g,"""Law Office of Veronica Valentine""",Downtown,"""617 Hoover Ave""",Las Vegas,NV,89101,36.15919277,-115.1446563,3,5,1,Personal Injury Law;Lawyers;Divorce & Family Law;Bankruptcy Law;Immigration Law;Professional Services,,,,
hjcFlq2A7P4vvdfZEqyjgw,"""CardinaleWay Mazda - Las Vegas""",Westside,"""6950 W Sahara Ave""",Las Vegas,NV,89117,36.144921,-115.245897,3,107,1,Automotive;Car Dealers;Auto Parts & Supplies;Auto Repair,,,,
fRRQKs10X2JU7pmlWJhKzw,"""Sydney After Dark""",The Strip,"""Planet Hollywood Resort & Casino, 3667 Las Vegas Blvd S""",Las Vegas,NV,89109,36.11017903,-115.1725353,3,11,0,Adult Entertainment;Arts & Entertainment;Performing Arts;Nightlife,,,,
AcF2XeufMmKG_-y-Bu-_1A,"""Wienerschnitzel""",Westside,"""1760 South Rainbow Blvd""",Las Vegas,NV,89102,36.152902,-115.243109,3,20,1,Hot Dogs;Restaurants;Fast Food;Sandwiches,,,,
DgCAM01n2Qo5DsoKj_zkug,"""The Ka""",,"""2269 N Green Valley Pkwy""",Las Vegas,NV,89014,36.0550762,-115.0835713,3,28,0,Sushi Bars;Japanese;Restaurants,,,,
s86MNfRISPT9thjTS1Gnmw,"""Earnhardt Mazda Las Vegas""",Centennial,"""6525 Centennial Center Blvd""",Las Vegas,NV,89149,36.2770641,-115.2744253,3,89,1,Auto Repair;Automotive;Car Dealers;Auto Parts & Supplies,,,,
Y8_y_8F_GrytuwzGxnUCEA,"""Urgent Care Extra""",Spring Valley,"""4075 S Durango Dr, Ste 108-110""",Las Vegas,NV,89147,36.1153115,-115.2807759,3,57,0,Health & Medical;Urgent Care,,,,
WPIyk5s4EUXuhvVm-y-0XQ,"""Pandora""",South Summerlin,"""2115 Festival Plaza Dr, Ste 150, Downtown Summerlin""",Las Vegas,NV,89135,36.1488568,-115.333883,3,14,1,Jewelry;Shopping,,,,
oR12T7vCjaxsWBVWFUdJ-g,"""Dollar Tree""",Eastside,"""3830 E Flamingo Rd""",Las Vegas,NV,89121,36.11700078,-115.090238,3,3,1,Shopping,,,,
gki751UhPZmy5HZZQ4RLKg,"""Plato's Closet Henderson""",,"""605 Mall Ring Cir, Ste 100""",Henderson,NV,89014,36.06509208,-115.0392467,3,115,1,Shopping;Fashion;Used;Vintage & Consignment,,,,
m1RrPKgNleBoGYdnRRhmGw,"""The Pods By Wolfgang Puck""",The Strip,"""3720 S Las Vegas Blvd""",Las Vegas,NV,89109,36.1088082,-115.173583,3,20,0,Pizza;Restaurants;Italian,,,,
79kLlayzpBQG542C7Z7ocQ,"""Chapa Ghetti""",Chinatown,"""6850 Spring Mountain Rd""",Las Vegas,NV,89146,36.1272823,-115.2413555,3,4,0,Restaurants;Asian Fusion,,,,
BqKq0tKOAEvyHdjGtWcEHQ,"""The Gaming Goat""",Westside,"""4575 W Charleston Blvd""",Las Vegas,NV,89102,36.1586283,-115.2025739,3,6,0,Tabletop Games;Shopping,,,,
XvXPivT5QJDTfTY2A5AHzg,"""Friendz Catering""",Westside,"""""",Las Vegas,NV,89102,36.1462673,-115.1829873,3,11,1,Event Planning & Services;Caterers;Food;Food Delivery Services;Desserts,,,,
peD8HwuxFo4PGxpIYCs3pA,"""Game Stop""",,"""3115 N Rainbow Blvd, Ste B""",Las Vegas,NV,89108,36.2168061,-115.2445512,3,10,1,Video Game Stores;Shopping;Videos & Video Game Rental;Books;Mags;Music & Video,,,,
RaC6eZyNu4k_jdjvnvh3Ag,"""Spa & Salon Monte Carlo""",The Strip,"""3770 Las Vegas Blvd S""",Las Vegas,NV,89109,36.1045839,-115.1744648,3,35,0,Beauty & Spas;Hair Salons;Active Life;Gyms;Fitness & Instruction;Massage,,,,
InpTA6-ErH8JVwTKsbWNZA,"""Fantastic Sam's""",Eastside,"""3830 E Flamingo Rd""",Las Vegas,NV,89121,36.11747312,-115.0896971,3,4,0,Hair Salons;Beauty & Spas,,,,
DtQihtkCulMCzlPzhYP4ag,"""Ronald G Kong, MD""",Downtown,"""501 S Rancho Dr, Ste A-5""",Las Vegas,NV,89106,36.165322,-115.1713564,3,3,1,Health & Medical;Pain Management;Family Practice;Doctors,,,,
SoPVLaoQlHuoZlt4fQBXTw,"""Laguna Champagne Bar""",The Strip,"""3355 Las Vegas Blvd S""",Las Vegas,NV,89109,36.12422,-115.168602,3,50,0,Champagne Bars;Nightlife;Bars,,,,
xpAm-NN8JQbL5JdBal_Ptg,"""Del Taco""",,"""550 Marks St""",Henderson,NV,89014,36.0609521,-115.0360917,3,24,1,Restaurants;American (Traditional);Mexican,,,,
YJ5CSYTHwZlqnR61P_lY9Q,"""Robertos Taco Shop""",Spring Valley,"""8680 W Warm Springs Rd, Ste 105""",Las Vegas,NV,89148,36.05597308,-115.2812173,3,106,1,Mexican;Fast Food;Restaurants,,,,
JWhqCvKTs5vLwIrhrbgx7Q,"""PT's""",,"""2135 E Centennial Pkwy""",Las Vegas,NV,89081,36.2760519,-115.1204204,3,51,1,Sports Bars;Nightlife;Bars;Pubs;Breakfast & Brunch;Pizza;American (New);Restaurants,,,,
bysPjs8xmBLc6yu8CZwJDg,"""RARE Fine Steak, Wine & Lounge""",Anthem,"""11261 S Eastern Ave, Ste 200""",Henderson,NV,89052,35.9871897,-115.1016247,3,7,0,Restaurants;Steakhouses,,,,
448C4UjtO6rvLrW9sCCPqg,"""Digestive Disease Specialists""",Southeast,"""1647 E Windmill Ln, Ste 100""",Las Vegas,NV,89123,36.04213702,-115.1297865,3,6,1,Gastroenterologist;Doctors;Health & Medical,,,,
r4ZWXDKCX1K4_ZrZJZpkUA,"""Panda Express""",,"""641 Marks St""",Henderson,NV,89014,36.0657932,-115.0374235,3,25,1,Chinese;Fast Food;Restaurants,,,,
#NAME?,"""Gentle Dental Green Valley""",,"""653 N. Stephanie, Suite C-3""",Henderson,NV,89014,36.06727397,-115.0471306,3,27,1,General Dentistry;Dentists;Oral Surgeons;Orthodontists;Health & Medical,,,,
fxuUGJ6si0QxcRKn_KNkEA,"""Cheeburger Cheeburger Express""",Southwest,"""7480 S Rainbow Blvd""",Las Vegas,NV,89139,36.053494,-115.2429923,3,90,0,Restaurants;Salad;Burgers,,,,
oaap_zKAxkrlTBwF3onmXw,"""La Salsa""",The Strip,"""3500 Las Vegas Blvd S, Ste R06, The Forum Shops At Caesars""",Las Vegas,NV,89109,36.1173432,-115.1763623,3,66,0,Mexican;Restaurants,,,,
PHYc_CWKbO5DkS8v1eFSzQ,"""Tufesa""",Downtown,"""99 S Martin L King Blvd""",Las Vegas,NV,89106,36.1737416,-115.1604251,3,15,1,Hotels & Travel;Buses;Transportation,,,,
whsUOYXuIswjjvDglsTL7w,"""Trend Auto Sales""",,"""4885 W Tropicana Ave""",Las Vegas,NV,89103,36.10035,-115.207124,3,12,1,Car Dealers;Automotive,,,,
s9z9srnERm_2nhOfZfcmLA,"""Victorian Casino Antiques""",,"""4520 Arville St, Ste A1""",Las Vegas,NV,89103,36.1066765,-115.198704,3,4,1,Shopping;Antiques;Auction Houses,,,,
rReN_exlBKL3XqYnck3ndA,"""Subway""",Northwest,"""6621 W Cheyenne Ave""",Las Vegas,NV,89108,36.21783191,-115.2405831,3,15,1,Sandwiches;Fast Food;Restaurants,,,,
d58Oms-PA7_g75kn7dsRhQ,"""House of Bargains""",Westside,"""4000 W Sahara Ave""",Las Vegas,NV,89102,36.14445819,-115.1946411,3,11,1,Thrift Stores;Shopping,,,,
DUeqWfBI90UBR6xSYQO3uw,"""Bar Kada Avenue""",Westside,"""2605 S Decatur Blvd, Ste 120-122""",Las Vegas,NV,89102,36.142762,-115.209066,3,67,0,Food;Nightlife;Karaoke;Restaurants;Asian Fusion;Filipino;Beer;Wine & Spirits;Specialty Food;Ethnic Food;Bars;Street Vendors,,,,
k9fb-qXMB-bqVls-GBGpkA,"""Centennial Hills Community Center YMCA""",Centennial,"""6601 N Buffalo Dr""",Las Vegas,NV,89131,36.2821375,-115.2638018,3,37,1,Child Care & Day Care;Gyms;Education;Active Life;Local Services;Trainers;Preschools;Fitness & Instruction,,,,
fMbr4p3JIDHiqRRxHlZr5w,"""USA Real Estate and Property Management""",Spring Valley,"""6767 W Tropicana Ave, Ste 106""",Las Vegas,NV,89103,36.0992729,-115.239856,3,13,1,Home Services;Property Management;Real Estate,,,,
#NAME?,"""Smashburger""",The Strip,"""3570 Las Vegas Blvd S""",Las Vegas,NV,89019,36.1161559,-115.1750576,3,70,1,Burgers;Restaurants,,,,
IuQBRhJ0V9VLZ2sLM1pIEg,"""Calderon Medical Group""",Westside,"""2810 W Charleston Blvd, Bldg F, Ste 53""",Las Vegas,NV,89102,36.1593924,-115.1795038,3,4,1,Internal Medicine;Doctors;Health & Medical,,,,
XpB1GKENtgaaO4KoV-uswQ,"""Port of Subs""",Westside,"""240 S Decatur Blvd""",Las Vegas,NV,89107,36.1713138,-115.2061205,3,8,0,Restaurants;Sandwiches,,,,
